0;-116294.5;-148560.84;32266.342;299.81002;11164.693;648000;-116294.5;2864.6737
1;-119372.61;-152792.05;33419.443;310.52432;10185.817;648000;-116294.5;2869.2845
2;-120359.95;-156754.21;36394.256;338.16546;9437.4606;648000;-116294.5;2876.7477
3;-120957.38;-161301.51;40344.126;374.86657;8716.8083;648000;-116294.5;2888.3779
4;-121405.1;-166292.13;44887.029;417.07798;8036.0928;648000;-116294.5;2904.5882
5;-121716.47;-171583.33;49866.862;463.34923;7396.5032;648000;-116294.5;2925.6851
6;-121863.78;-177001.81;55138.031;512.32749;6804.4132;648000;-116294.5;2951.897
7;-121844.9;-182371.52;60526.619;562.39677;6269.9085;648000;-116294.5;2983.3948
8;-121694.2;-187549.54;65855.343;611.90982;5802.1224;648000;-116294.5;3020.3064
9;-121475.41;-192454.8;70979.391;659.52106;5405.9406;648000;-116294.5;3062.725
10;-121257.61;-197071.76;75814.15;704.44432;4199.7129;648000;-116294.5;3110.7155
11;-165057.6;-197447.03;32389.43;300.95371;4168.5401;648000;-116294.5;3113.6115
12;-165724.13;-198444.66;32720.531;304.03022;4083.292;648000;-116294.5;3121.1278
13;-166315.68;-199985.79;33670.114;312.85348;3954.8975;648000;-116294.5;3133.2729
14;-166794.58;-201953.71;35159.13;326.68901;3798.3426;648000;-116294.5;3150.0598
15;-167141.79;-204212.94;37071.155;344.45502;3629.9387;648000;-116294.5;3171.5026
16;-167363.09;-206634.42;39271.328;364.89842;3464.0621;648000;-116294.5;3197.6136
17;-167489.22;-209120.39;41631.175;386.82547;3311.8201;648000;-116294.5;3228.4004
18;-167566.5;-211619.33;44052.838;409.3269;3179.7963;648000;-116294.5;3263.8643
19;-167642.24;-214126.04;46483.795;431.91469;3070.293;648000;-116294.5;3303.9973
20;-167750.13;-216667.06;48916.924;454.52266;2651.8396;648000;-116294.5;3348.7789
21;-184606.62;-216837.46;32230.834;299.48009;2644.0132;648000;-116294.5;3351.1218
22;-185030.24;-217374.82;32344.573;300.53692;2616.2634;648000;-116294.5;3357.6463
23;-185413.44;-218236.55;32823.112;304.98337;2572.5777;648000;-116294.5;3368.3396
24;-185735.92;-219359.52;33623.607;312.42135;2518.9683;648000;-116294.5;3383.1852
25;-185988.27;-220671.23;34682.962;322.26459;2462.6387;648000;-116294.5;3402.1622
26;-186175.14;-222104.11;35928.967;333.84213;2410.5036;648000;-116294.5;3425.2444
27;-186314.75;-223609.12;37294.362;346.529;2367.9991;648000;-116294.5;3452.3996
28;-186433.52;-225163.58;38730.059;359.86911;2338.4628;648000;-116294.5;3483.5874
29;-186557.55;-226770.37;40212.813;373.64645;2322.8194;648000;-116294.5;3518.7579
30;-186704.43;-228448.77;41744.335;387.87693;2113.4889;648000;-116294.5;3557.8486
31;-196317.69;-228568.83;32251.142;299.66878;2104.7299;648000;-116294.5;3559.2524
32;-196624.39;-228932.02;32307.632;300.19367;2087.4406;648000;-116294.5;3564.2307
33;-196906.63;-229512.47;32605.836;302.9645;2064.0163;648000;-116294.5;3572.7705
34;-197151.67;-230271.36;33119.689;307.73908;2038.148;648000;-116294.5;3584.8525
35;-197354.05;-231164.42;33810.371;314.15671;2014.4935;648000;-116294.5;3600.4508
36;-197517.05;-232150.76;34633.71;321.80695;1996.9677;648000;-116294.5;3619.5318
37;-197651.93;-233200.86;35548.926;330.31089;1988.9718;648000;-116294.5;3642.0541
38;-197774.6;-234301;36526.409;339.39339;1992.4195;648000;-116294.5;3667.9667
39;-197900.59;-235452.62;37552.039;348.92326;2007.5163;648000;-116294.5;3697.2076
40;-198040.39;-236666.92;38626.527;358.90712;1883.7774;648000;-116294.5;3729.7021
41;-204522.74;-236732.16;32209.423;299.28114;1880.3406;648000;-116294.5;3731.5828
42;-204755.1;-236961.78;32206.687;299.25572;1874.3785;648000;-116294.5;3736.4487
43;-204974.2;-237341.76;32367.554;300.75045;1867.2088;648000;-116294.5;3744.2861
44;-205172.5;-237850.31;32677.817;303.63333;1860.9063;648000;-116294.5;3755.0736
45;-205346.64;-238462.27;33115.632;307.70138;1858.2222;648000;-116294.5;3768.7817
46;-205498.21;-239154.01;33655.8;312.72048;1861.4676;648000;-116294.5;3785.3726
47;-205633.24;-239907.93;34274.691;318.47104;1872.5179;648000;-116294.5;3804.799
48;-205760.43;-240715;34954.577;324.78836;1892.3917;648000;-116294.5;3827.0039
49;-205888.52;-241574.67;35686.145;331.58589;1921.2788;648000;-116294.5;3851.9194
50;-206023.72;-242492.09;36468.373;338.85414;1848.8488;648000;-116294.5;3879.4653
51;-210282.13;-242571.52;32289.392;300.02419;1837.6891;648000;-116294.5;3879.6502
52;-210469.22;-242766.86;32297.64;300.10083;1826.5891;648000;-116294.5;3882.2562
53;-210646.08;-243067.36;32421.275;301.24961;1816.5271;648000;-116294.5;3887.2757
54;-210808.69;-243458.11;32649.428;303.36954;1809.08;648000;-116294.5;3894.6942
55;-210955.87;-243922.99;32967.126;306.32151;1805.9241;648000;-116294.5;3904.4901
56;-211089.51;-244447.69;33358.185;309.95512;1808.4553;648000;-116294.5;3916.6345
57;-211214;-245022.24;33808.242;314.13692;1817.593;648000;-116294.5;3931.0906
58;-211334.98;-245642.16;34307.177;318.7729;1833.7986;648000;-116294.5;3947.8138
59;-211457.79;-246308.07;34850.284;323.81929;1857.0606;648000;-116294.5;3966.751
60;-211585.91;-247023.74;35437.828;329.2786;1816.0317;648000;-116294.5;3987.8399
61;-214602.32;-247098.1;32495.788;301.94196;1818.6065;648000;-116294.5;3989.6154
62;-214760.07;-247256.18;32496.109;301.94494;1822.4891;648000;-116294.5;3993.3751
63;-214909.48;-247489.3;32579.821;302.72277;1828.2598;648000;-116294.5;3999.101
64;-215049.19;-247787.37;32738.178;304.19419;1836.8275;648000;-116294.5;4006.7697
65;-215179.73;-248140.74;32961.012;306.2647;1849.0256;648000;-116294.5;4016.3521
66;-215303.31;-248541.93;33238.618;308.84414;1865.4918;648000;-116294.5;4027.8137
67;-215423.13;-248986.51;33563.382;311.86175;1886.6967;648000;-116294.5;4041.1139
68;-215542.54;-249473.28;33930.731;315.27507;1912.6225;648000;-116294.5;4056.2063
69;-215664.14;-250003.36;34339.217;319.0706;1943.1107;648000;-116294.5;4073.0382
70;-215789.09;-250578.79;34789.703;323.2564;1907.3926;648000;-116294.5;4091.5506
71;-218318.37;-250623.67;32305.305;300.17205;1897.4811;648000;-116294.5;4091.616
72;-218462.04;-250736.82;32274.779;299.88841;1887.7162;648000;-116294.5;4093.2301
73;-218600.98;-250913.33;32312.352;300.23752;1878.558;648000;-116294.5;4096.3894
74;-218733.64;-251146.68;32413.038;301.17308;1870.7603;648000;-116294.5;4101.0868
75;-218859.83;-251430.07;32570.24;302.63376;1864.8434;648000;-116294.5;4107.3116
76;-218980.65;-251757.74;32777.089;304.55574;1861.4388;648000;-116294.5;4115.0498
77;-219098.19;-252125.93;33027.742;306.88474;1860.9729;648000;-116294.5;4124.2837
78;-219214.82;-252533.12;33318.3;309.58452;1863.5062;648000;-116294.5;4134.9921
79;-219332.56;-252979.64;33647.078;312.63944;1869.054;648000;-116294.5;4147.1497
80;-219452.45;-253466.62;34014.173;316.05038;1826.5751;648000;-116294.5;4160.7275
81;-221270.04;-253495.56;32225.518;299.43069;1829.8848;648000;-116294.5;4161.9286
82;-221398.23;-253576.36;32178.126;298.99034;1834.163;648000;-116294.5;4164.4714
83;-221523.28;-253705.87;32182.583;299.03175;1839.7632;648000;-116294.5;4168.3456
84;-221644.56;-253880.23;32235.672;299.52504;1846.9154;648000;-116294.5;4173.5381
85;-221762.28;-254095.76;32333.474;300.43379;1855.9192;648000;-116294.5;4180.0327
86;-221877.43;-254349.65;32472.22;301.72298;1866.8111;648000;-116294.5;4187.8104
87;-221991.44;-254640.48;32649.034;303.36588;1879.6554;648000;-116294.5;4196.8493
88;-222105.78;-254968.13;32862.353;305.34798;1894.4345;648000;-116294.5;4207.1243
89;-222221.47;-255333.39;33111.915;307.66685;1910.9231;648000;-116294.5;4218.6071
90;-222338.84;-255737.16;33398.316;310.32801;1901.3005;648000;-116294.5;4231.2665
91;-223498.72;-255759.56;32260.845;299.75894;1903.4906;648000;-116294.5;4232.6278
92;-223619.1;-255825.39;32206.289;299.25202;1905.9231;648000;-116294.5;4235.0778
93;-223736.87;-255932.06;32195.189;299.14888;1908.7932;648000;-116294.5;4238.6041
94;-223851.65;-256076.56;32224.907;299.42501;1912.1872;648000;-116294.5;4243.1925
95;-223963.7;-256256.08;32292.379;300.05194;1916.1632;648000;-116294.5;4248.8282
96;-224073.82;-256468.54;32394.727;301.00293;1921.0248;648000;-116294.5;4255.495
97;-224183.14;-256712.94;32529.795;302.25795;1926.8568;648000;-116294.5;4263.176
98;-224292.89;-256989.37;32696.477;303.80671;1933.5166;648000;-116294.5;4271.8534
99;-224404.03;-257298.79;32894.758;305.64908;1940.8409;648000;-116294.5;4281.5089
100;-224516.97;-257642.4;33125.431;307.79243;1911.7195;648000;-116294.5;4292.123
101;-225300.32;-257660.99;32360.664;300.68643;1911.5611;648000;-116294.5;4292.9268
102;-225420.35;-257722.14;32301.79;300.13939;1910.5542;648000;-116294.5;4294.6369
103;-225539.35;-257824.82;32285.466;299.98771;1908.7671;648000;-116294.5;4297.2482
104;-225656.03;-257966.61;32310.581;300.22107;1906.2938;648000;-116294.5;4300.7561
105;-225769.58;-258144.23;32374.652;300.8164;1903.5329;648000;-116294.5;4305.1555
106;-225879.88;-258354.23;32474.346;301.74273;1900.805;648000;-116294.5;4310.4414
107;-225987.43;-258593.57;32606.139;302.96732;1898.4077;648000;-116294.5;4316.6089
108;-226093.19;-258860.13;32766.942;304.46146;1896.5498;648000;-116294.5;4323.653
109;-226198.27;-259152.81;32954.532;306.20449;1895.3367;648000;-116294.5;4331.5686
110;-226303.66;-259471.36;33167.697;308.18516;1870.7132;648000;-116294.5;4340.3507
111;-227152.83;-259482.95;32330.125;300.40267;1867.0585;648000;-116294.5;4340.5479
112;-227263.29;-259527.08;32263.787;299.78627;1863.3335;648000;-116294.5;4341.5749
113;-227373.68;-259603.76;32230.076;299.47304;1859.4734;648000;-116294.5;4343.4339
114;-227483.7;-259712.65;32228.954;299.46262;1855.501;648000;-116294.5;4346.1274
115;-227593.21;-259853.22;32260.015;299.75123;1851.5209;648000;-116294.5;4349.6577
116;-227702.22;-260024.87;32322.651;300.33323;1847.5633;648000;-116294.5;4354.0277
117;-227810.84;-260227.03;32416.186;301.20232;1843.6649;648000;-116294.5;4359.2399
118;-227919.18;-260459.13;32539.952;302.35233;1839.9188;648000;-116294.5;4365.297
119;-228027.25;-260720.54;32693.286;303.77707;1836.5014;648000;-116294.5;4372.2016
120;-228135.01;-261010.46;32875.456;305.46974;1824.9107;648000;-116294.5;4379.9559
121;-228645.38;-261016.24;32370.858;300.78115;1824.1897;648000;-116294.5;4380.5254
122;-228754.52;-261052.94;32298.421;300.10808;1823.5521;648000;-116294.5;4381.9229
123;-228864.93;-261121.96;32257.024;299.72343;1822.7246;648000;-116294.5;4384.1475
124;-228976.2;-261224.18;32247.978;299.63938;1821.6707;648000;-116294.5;4387.1982
125;-229087.83;-261359.93;32272.103;299.86355;1820.4057;648000;-116294.5;4391.0741
126;-229199.28;-261528.91;32329.632;300.39809;1818.8548;648000;-116294.5;4395.774
127;-229310.06;-261730.24;32420.174;301.23938;1817.0733;648000;-116294.5;4401.2964
128;-229419.8;-261962.57;32542.77;302.37851;1815.0594;648000;-116294.5;4407.6401
129;-229528.21;-262224.19;32695.981;303.8021;1813.0744;648000;-116294.5;4414.8032
130;-229635.15;-262513.15;32877.999;305.49336;1799.5846;648000;-116294.5;4422.7839
131;-230100.36;-262541.81;32441.449;301.43706;1795.589;648000;-116294.5;4423.3283
132;-230208.26;-262599.55;32391.295;300.97104;1791.4642;648000;-116294.5;4424.6606
133;-230315.87;-262686.14;32370.27;300.77569;1787.1139;648000;-116294.5;4426.7815
134;-230423.18;-262801.27;32378.094;300.84839;1782.6666;648000;-116294.5;4429.6919
135;-230530.2;-262944.6;32414.395;301.18569;1778.1426;648000;-116294.5;4433.3936
136;-230636.94;-263115.68;32478.743;301.78359;1773.5602;648000;-116294.5;4437.8886
137;-230743.34;-263313.97;32570.631;302.63739;1768.9673;648000;-116294.5;4443.1796
138;-230849.28;-263538.69;32689.411;303.74106;1764.3612;648000;-116294.5;4449.2699
139;-230954.53;-263788.74;32834.208;305.08647;1760.0011;648000;-116294.5;4456.1632
140;-231058.86;-264062.7;33003.843;306.66267;1717.6744;648000;-116294.5;4463.8639
141;-231888.92;-264085.52;32196.604;299.16203;1712.2358;648000;-116294.5;4463.8607
142;-231991.38;-264132.11;32140.733;298.64289;1707.1856;648000;-116294.5;4464.6525
143;-232094.02;-264202.76;32108.747;298.34568;1702.3682;648000;-116294.5;4466.2411
144;-232196.5;-264297.39;32100.889;298.27268;1697.871;648000;-116294.5;4468.6284
145;-232298.45;-264415.46;32117.011;298.42247;1693.7862;648000;-116294.5;4471.8169
146;-232399.53;-264556.05;32156.523;298.78961;1690.2072;648000;-116294.5;4475.8092
147;-232499.53;-264717.98;32218.447;299.36499;1687.2524;648000;-116294.5;4480.6081
148;-232598.44;-264899.99;32301.549;300.13715;1685.1834;648000;-116294.5;4486.2167
149;-232696.47;-265101;32404.531;301.09403;1684.2413;648000;-116294.5;4492.6383
150;-232794.01;-265320.25;32526.245;302.22496;1667.1249;648000;-116294.5;4499.8762
151;-233227.2;-265333.19;32105.992;298.32009;1671.017;648000;-116294.5;4500.9288
152;-233327.64;-265368.24;32040.608;297.71256;1675.4289;648000;-116294.5;4502.7585
153;-233428.68;-265426.2;31997.523;297.31222;1680.1761;648000;-116294.5;4505.3578
154;-233530.32;-265507.79;31977.471;297.12591;1685.0278;648000;-116294.5;4508.72
155;-233632.44;-265613.56;31981.122;297.15983;1689.9412;648000;-116294.5;4512.8387
156;-233734.84;-265743.81;32008.968;297.41857;1694.7242;648000;-116294.5;4517.7085
157;-233837.27;-265898.5;32061.235;297.90422;1699.3333;648000;-116294.5;4523.3245
158;-233939.46;-266077.29;32137.829;298.61591;1703.8319;648000;-116294.5;4529.6831
159;-234041.18;-266279.51;32238.324;299.54968;1708.2693;648000;-116294.5;4536.7813
160;-234142.25;-266504.23;32361.984;300.6987;1710.8587;648000;-116294.5;4544.6175
161;-234049.57;-266525.81;32476.231;301.76025;1707.5986;648000;-116294.5;4545.0027
162;-234144.01;-266562.87;32418.859;301.22716;1705.0744;648000;-116294.5;4546.1086
163;-234238.4;-266615.49;32377.091;300.83906;1703.2917;648000;-116294.5;4547.934
164;-234333.17;-266684.13;32350.96;300.59626;1702.3902;648000;-116294.5;4550.4792
165;-234428.8;-266769.72;32340.92;300.50298;1702.2563;648000;-116294.5;4553.7452
166;-234525.67;-266873.51;32347.842;300.56729;1702.7335;648000;-116294.5;4557.7344
167;-234624.03;-266996.96;32372.931;300.80041;1703.6759;648000;-116294.5;4562.4503
168;-234723.91;-267141.49;32417.578;301.21525;1705.0373;648000;-116294.5;4567.8972
169;-234825.14;-267308.28;32483.141;301.82445;1706.5402;648000;-116294.5;4574.0802
170;-234927.35;-267498.07;32570.723;302.63824;1708.3608;648000;-116294.5;4581.0054
171;-234809.31;-267521.61;32712.293;303.95367;1706.8602;648000;-116294.5;4581.6743
172;-234908.98;-267565.02;32656.043;303.43101;1705.8366;648000;-116294.5;4583.0673
173;-235008.42;-267628.13;32619.702;303.09334;1705.285;648000;-116294.5;4585.1827
174;-235107.53;-267710.57;32603.039;302.93851;1705.1872;648000;-116294.5;4588.0203
175;-235206.19;-267811.85;32605.661;302.96288;1705.7591;648000;-116294.5;4591.5807
176;-235304.33;-267931.35;32627.023;303.16137;1707.0926;648000;-116294.5;4595.8655
177;-235401.95;-268068.41;32666.463;303.52783;1709.3352;648000;-116294.5;4600.8772
178;-235499.11;-268222.38;32723.272;304.05568;1712.5749;648000;-116294.5;4606.6189
179;-235595.94;-268392.7;32796.757;304.73848;1716.8114;648000;-116294.5;4613.0946
180;-235692.61;-268578.91;32886.3;305.5705;1682.7558;648000;-116294.5;4620.3088
181;-236597;-268575.01;31978.007;297.13089;1684.5158;648000;-116294.5;4620.5717
182;-236697.34;-268592.75;31895.406;296.36338;1686.6807;648000;-116294.5;4621.5543
183;-236797.29;-268631.98;31834.696;295.79928;1688.9558;648000;-116294.5;4623.25
184;-236896.98;-268692.69;31795.702;295.43695;1691.1844;648000;-116294.5;4625.6534
185;-236996.66;-268775.01;31778.353;295.27576;1693.3024;648000;-116294.5;4628.7604
186;-237096.53;-268879.28;31782.757;295.31668;1695.1422;648000;-116294.5;4632.5686
187;-237196.7;-269005.88;31809.178;295.56217;1696.5294;648000;-116294.5;4637.0777
188;-237297.1;-269155.02;31857.919;296.01506;1697.5432;648000;-116294.5;4642.289
189;-237397.5;-269326.65;31929.143;296.67686;1697.999;648000;-116294.5;4648.2063
190;-237497.49;-269520.18;32022.691;297.54608;1699.9634;648000;-116294.5;4654.8354
191;-237392.38;-269525.42;32133.037;298.57138;1697.0138;648000;-116294.5;4654.8527
192;-237489.88;-269549.87;32059.994;297.89269;1694.467;648000;-116294.5;4655.5797
193;-237586.85;-269593.2;32006.356;297.3943;1692.1913;648000;-116294.5;4657.0169
194;-237683.33;-269655.09;31971.757;297.07281;1690.2597;648000;-116294.5;4659.1657
195;-237779.56;-269735.41;31955.852;296.92502;1688.6727;648000;-116294.5;4662.0293
196;-237875.88;-269834.37;31958.489;296.94953;1687.2874;648000;-116294.5;4665.612
197;-237972.66;-269952.48;31979.821;297.14774;1686.2225;648000;-116294.5;4669.9198
198;-238070.2;-270090.52;32020.316;297.52401;1685.2097;648000;-116294.5;4674.9601
199;-238168.67;-270249.36;32080.69;298.08498;1684.2876;648000;-116294.5;4680.7416
200;-238267.98;-270429.71;32161.73;298.83799;1678.6181;648000;-116294.5;4687.2745
201;-238185.29;-270443.02;32257.737;299.73006;1669.5637;648000;-116294.5;4686.6481
202;-238278.84;-270471.85;32193.012;299.12865;1661.6108;648000;-116294.5;4686.7687
203;-238373.13;-270517.09;32143.956;298.67284;1654.6017;648000;-116294.5;4687.6444
204;-238468.2;-270579.64;32111.442;298.37073;1648.5511;648000;-116294.5;4689.284
205;-238563.97;-270660.29;32096.326;298.23027;1643.3982;648000;-116294.5;4691.6971
206;-238660.3;-270759.65;32099.353;298.2584;1639.2778;648000;-116294.5;4694.8938
207;-238757;-270878.08;32121.081;298.46029;1636.1028;648000;-116294.5;4698.8849
208;-238853.88;-271015.72;32161.833;298.83894;1634.0135;648000;-116294.5;4703.6813
209;-238950.77;-271172.45;32221.681;299.39504;1632.9662;648000;-116294.5;4709.2943
210;-239047.5;-271347.97;32300.468;300.12711;1626.0971;648000;-116294.5;4715.7355
211;-239111.27;-271361.73;32250.462;299.66247;1624.6463;648000;-116294.5;4716.518
212;-239208.28;-271394.67;32186.395;299.06717;1624.1413;648000;-116294.5;4718.1142
213;-239305.18;-271446.84;32141.656;298.65146;1624.4547;648000;-116294.5;4720.5196
214;-239402.09;-271518.34;32116.252;298.41542;1625.5813;648000;-116294.5;4723.7299
215;-239499.08;-271609.35;32110.27;298.35983;1627.4972;648000;-116294.5;4727.7416
216;-239596.1;-271719.91;32123.81;298.48564;1630.0471;648000;-116294.5;4732.5519
217;-239692.96;-271849.83;32156.869;298.79282;1633.4113;648000;-116294.5;4738.1582
218;-239789.31;-271998.5;32209.187;299.27895;1637.5383;648000;-116294.5;4744.559
219;-239884.74;-272164.84;32280.105;299.9379;1642.5761;648000;-116294.5;4751.7529
220;-239978.83;-272347.31;32368.486;300.75911;1639.6538;648000;-116294.5;4759.7397
221;-240086.11;-272382.63;32296.519;300.09041;1627.9286;648000;-116294.5;4759.3387
222;-240176.47;-272430.41;32253.942;299.6948;1617.8528;648000;-116294.5;4759.7293
223;-240265.13;-272489.05;32223.917;299.41582;1609.6488;648000;-116294.5;4760.9187
224;-240352.51;-272557.37;32204.852;299.23867;1603.5381;648000;-116294.5;4762.9149
225;-240439.33;-272634.89;32195.56;299.15233;1599.5989;648000;-116294.5;4765.7261
226;-240526.5;-272722.07;32195.565;299.15237;1597.7855;648000;-116294.5;4769.361
227;-240614.93;-272820.21;32205.278;299.24263;1597.8368;648000;-116294.5;4773.829
228;-240705.35;-272931.34;32225.99;299.43508;1599.6535;648000;-116294.5;4779.1399
229;-240798.14;-273057.8;32259.663;299.74796;1602.9519;648000;-116294.5;4785.3046
230;-240893.21;-273201.78;32308.564;300.20233;1596.9844;648000;-116294.5;4792.3344
231;-240982.23;-273210.41;32228.182;299.45544;1593.5614;648000;-116294.5;4792.5267
232;-241075.98;-273235.33;32159.358;298.81595;1591.7242;648000;-116294.5;4793.5745
233;-241169.88;-273276.85;32106.977;298.32924;1591.4018;648000;-116294.5;4795.4803
234;-241263.75;-273335.07;32071.32;297.99792;1592.6167;648000;-116294.5;4798.2469
235;-241357.46;-273409.92;32052.46;297.82268;1595.2569;648000;-116294.5;4801.8778
236;-241450.94;-273501.24;32050.299;297.80261;1599.4261;648000;-116294.5;4806.377
237;-241544.18;-273608.81;32064.633;297.93579;1605.1629;648000;-116294.5;4811.7489
238;-241637.25;-273732.48;32095.224;298.22003;1612.493;648000;-116294.5;4817.9988
239;-241730.27;-273872.14;32141.863;298.65339;1621.4104;648000;-116294.5;4825.1322
240;-241823.33;-274027.73;32204.399;299.23446;1628.8131;648000;-116294.5;4833.1551
241;-241724.49;-274017.38;32292.895;300.05674;1630.8343;648000;-116294.5;4834.1611
242;-241815.76;-274021.1;32205.345;299.24325;1634.6675;648000;-116294.5;4836.054
243;-241908.25;-274040.3;32132.057;298.56228;1640.1625;648000;-116294.5;4838.8306
244;-242001.81;-274076.23;32074.424;298.02677;1647.1563;648000;-116294.5;4842.4879
245;-242096.28;-274129.95;32033.664;297.64804;1655.4566;648000;-116294.5;4847.0236
246;-242191.54;-274202.34;32010.806;297.43564;1664.9392;648000;-116294.5;4852.4359
247;-242287.5;-274294.21;32006.713;297.39762;1675.3963;648000;-116294.5;4858.7236
248;-242384.12;-274406.25;32022.132;297.54089;1686.8586;648000;-116294.5;4865.8861
249;-242481.36;-274539.07;32057.714;297.8715;1699.0647;648000;-116294.5;4873.9235
250;-242579.16;-274693.17;32114.014;298.39463;1691.0154;648000;-116294.5;4882.8363
251;-242619.41;-274707.52;32088.102;298.15386;1688.6701;648000;-116294.5;4883.243
252;-242712.02;-274738.02;32026.002;297.57684;1687.3734;648000;-116294.5;4884.4977
253;-242804.37;-274784.62;31980.247;297.1517;1687.1938;648000;-116294.5;4886.5999
254;-242896.74;-274847.49;31950.752;296.87764;1688.1775;648000;-116294.5;4889.5502
255;-242989.35;-274927.01;31937.662;296.75601;1690.1262;648000;-116294.5;4893.3499
256;-243082.32;-275023.63;31941.308;296.78989;1693.0993;648000;-116294.5;4898.0015
257;-243175.63;-275137.73;31962.097;296.98305;1696.9674;648000;-116294.5;4903.5082
258;-243269.08;-275269.43;32000.345;297.33844;1701.6584;648000;-116294.5;4909.8743
259;-243362.34;-275418.45;32056.116;297.85665;1707.1758;648000;-116294.5;4917.105
260;-243455.02;-275584.11;32129.092;298.53473;1722.6332;648000;-116294.5;4925.2063
261;-243275.11;-275592.31;32317.193;300.28251;1720.1722;648000;-116294.5;4925.8973
262;-243366.51;-275615.5;32248.991;299.6488;1718.8156;648000;-116294.5;4927.4442
263;-243458.05;-275653.96;32195.917;299.15564;1718.4591;648000;-116294.5;4929.8466
264;-243549.44;-275707.65;32158.207;298.80526;1718.9705;648000;-116294.5;4933.1046
265;-243640.52;-275776.33;32135.808;298.59713;1720.4823;648000;-116294.5;4937.2194
266;-243731.26;-275859.73;32128.466;298.52891;1723.0265;648000;-116294.5;4942.1926
267;-243821.78;-275957.66;32135.876;298.59776;1726.5155;648000;-116294.5;4948.0271
268;-243912.36;-276070.2;32157.838;298.80183;1730.8995;648000;-116294.5;4954.7263
269;-244003.32;-276197.7;32194.385;299.14141;1736.2473;648000;-116294.5;4962.295
270;-244094.96;-276340.79;32245.832;299.61945;1730.0605;648000;-116294.5;4970.7389
271;-244107.98;-276347.88;32239.904;299.56436;1722.7824;648000;-116294.5;4970.4905
272;-244197.41;-276368.39;32170.974;298.92388;1716.9241;648000;-116294.5;4971.1192
273;-244287.31;-276402.95;32115.632;298.40966;1712.5834;648000;-116294.5;4972.6286
274;-244377.77;-276452.27;32074.495;298.02743;1709.505;648000;-116294.5;4975.0236
275;-244468.78;-276517.01;32048.236;297.78344;1707.5247;648000;-116294.5;4978.3099
276;-244560.24;-276597.73;32037.488;297.68357;1706.5916;648000;-116294.5;4982.4947
277;-244652.01;-276694.77;32042.758;297.73254;1706.693;648000;-116294.5;4987.5862
278;-244743.87;-276808.23;32064.352;297.93318;1707.9463;648000;-116294.5;4993.5941
279;-244835.62;-276937.94;32102.325;298.28601;1710.3259;648000;-116294.5;5000.5289
280;-244927.05;-277083.53;32156.476;298.78917;1712.8697;648000;-116294.5;5008.4027
281;-244942.19;-277097.32;32155.13;298.77666;1716.5693;648000;-116294.5;5010.0204
282;-245033.68;-277127.14;32093.458;298.20362;1721.2954;648000;-116294.5;5012.5571
283;-245125.33;-277173.3;32047.968;297.78094;1726.91;648000;-116294.5;5016.0061
284;-245216.89;-277235.82;32018.929;297.51112;1733.4175;648000;-116294.5;5020.3617
285;-245308.11;-277314.45;32006.335;297.3941;1740.9266;648000;-116294.5;5025.6199
286;-245398.79;-277408.69;32009.898;297.4272;1749.4833;648000;-116294.5;5031.7774
287;-245488.83;-277517.93;32029.1;297.60563;1759.1514;648000;-116294.5;5038.8327
288;-245578.25;-277641.55;32063.297;297.92338;1769.9767;648000;-116294.5;5046.785
289;-245667.19;-277779.02;32111.833;298.37436;1781.9486;648000;-116294.5;5055.6352
290;-245755.86;-277930.01;32174.148;298.95337;1794.4183;648000;-116294.5;5065.3851
291;-245622.53;-277925.5;32302.972;300.15037;1794.2474;648000;-116294.5;5065.8418
292;-245713.93;-277937;32223.069;299.40793;1794.7912;648000;-116294.5;5067.1682
293;-245805.27;-277964.62;32159.345;298.81583;1795.9264;648000;-116294.5;5069.3619
294;-245896.58;-278008.47;32111.893;298.37492;1797.5027;648000;-116294.5;5072.422
295;-245987.98;-278068.79;32080.812;298.08612;1799.3895;648000;-116294.5;5076.3493
296;-246079.63;-278145.92;32066.293;297.95121;1801.6268;648000;-116294.5;5081.1457
297;-246171.65;-278240.31;32068.653;297.97315;1804.1661;648000;-116294.5;5086.8149
298;-246264.04;-278352.33;32088.283;298.15554;1807.0981;648000;-116294.5;5093.3616
299;-246356.64;-278482.16;32125.516;298.5015;1810.5694;648000;-116294.5;5100.7923
300;-246449.12;-278629.59;32180.464;299.01206;1809.5484;648000;-116294.5;5109.1145
301;-246270.02;-278641.51;32371.489;300.78701;1810.3178;648000;-116294.5;5110.4437
302;-246358.09;-278666.21;32308.115;300.19816;1811.9829;648000;-116294.5;5112.6512
303;-246446.28;-278703.94;32257.66;299.72935;1814.4897;648000;-116294.5;5115.7368
304;-246534.7;-278755.05;32220.342;299.3826;1817.8935;648000;-116294.5;5119.7019
305;-246623.44;-278819.93;32196.491;299.16098;1822.2803;648000;-116294.5;5124.5498
306;-246712.48;-278898.95;32186.469;299.06785;1827.5323;648000;-116294.5;5130.2852
307;-246801.82;-278992.43;32190.608;299.10631;1833.5909;648000;-116294.5;5136.9144
308;-246891.48;-279100.69;32209.202;299.27908;1840.2559;648000;-116294.5;5144.4455
309;-246981.56;-279224.1;32242.537;299.58883;1847.6305;648000;-116294.5;5152.888
310;-247072.2;-279363.16;32290.955;300.03871;1836.1893;648000;-116294.5;5162.2531
311;-247239.2;-279363.5;32124.29;298.49011;1830.4336;648000;-116294.5;5162.224
312;-247328.94;-279379.03;32050.092;297.80068;1825.5489;648000;-116294.5;5163.1241
313;-247419.57;-279410.86;31991.284;297.25425;1821.4285;648000;-116294.5;5164.9608
314;-247510.82;-279459.73;31948.913;296.86056;1817.9387;648000;-116294.5;5167.7424
315;-247602.31;-279526.03;31923.717;296.62643;1815.17;648000;-116294.5;5171.478
316;-247693.7;-279609.73;31916.032;296.55503;1813.2947;648000;-116294.5;5176.1776
317;-247784.71;-279710.51;31925.803;296.64582;1812.233;648000;-116294.5;5181.852
318;-247875.21;-279827.88;31952.674;296.8955;1811.9798;648000;-116294.5;5188.513
319;-247965.24;-279961.37;31996.132;297.2993;1812.6269;648000;-116294.5;5196.1733
320;-248054.95;-280110.6;32055.655;297.85237;1811.6515;648000;-116294.5;5204.8463
321;-247766.69;-280109.95;32343.258;300.5247;1810.8358;648000;-116294.5;5205.4394
322;-247855.72;-280123.84;32268.126;299.82659;1811.2946;648000;-116294.5;5207.0416
323;-247945.64;-280153.34;32207.701;299.26514;1812.9841;648000;-116294.5;5209.6556
324;-248036.42;-280199.43;32163.006;298.84984;1815.6877;648000;-116294.5;5213.2848
325;-248127.95;-280262.94;32134.997;298.5896;1819.2129;648000;-116294.5;5217.9334
326;-248220.01;-280344.49;32124.474;298.49182;1823.5701;648000;-116294.5;5223.6068
327;-248312.38;-280444.38;32132.004;298.56178;1828.7179;648000;-116294.5;5230.3109
328;-248404.77;-280562.64;32157.863;298.80205;1834.4621;648000;-116294.5;5238.0528
329;-248496.94;-280698.95;32202.009;299.21225;1840.9254;648000;-116294.5;5246.8405
330;-248588.69;-280852.79;32264.104;299.78922;1837.9049;648000;-116294.5;5256.6829
331;-248657.67;-280860.62;32202.951;299.221;1841.4053;648000;-116294.5;5258.0357
332;-248746.24;-280882.99;32136.753;298.60591;1845.9359;648000;-116294.5;5260.422
333;-248834.66;-280919.9;32085.247;298.12733;1851.435;648000;-116294.5;5263.8342
334;-248922.8;-280971.21;32048.411;297.78506;1857.9297;648000;-116294.5;5268.2658
335;-249010.58;-281036.66;32026.077;297.57754;1865.396;648000;-116294.5;5273.7116
336;-249098.03;-281116.01;32017.979;297.50229;1873.8924;648000;-116294.5;5280.1678
337;-249185.29;-281209.13;32023.849;297.55683;1883.3615;648000;-116294.5;5287.6318
338;-249272.57;-281316.09;32043.524;297.73965;1893.7071;648000;-116294.5;5296.1031
339;-249360.17;-281437.21;32077.044;298.05111;1904.9436;648000;-116294.5;5305.5823
340;-249448.34;-281573.03;32124.689;298.49382;1912.7424;648000;-116294.5;5316.0723
341;-249124.7;-281548.8;32424.091;301.27578;1910.1802;648000;-116294.5;5315.5471
342;-249210.26;-281536.11;32325.848;300.36293;1908.6537;648000;-116294.5;5316.0223
343;-249297.66;-281537.03;32239.37;299.5594;1907.8946;648000;-116294.5;5317.5036
344;-249387.1;-281553.79;32166.697;298.88414;1907.634;648000;-116294.5;5319.9981
345;-249478.53;-281588.55;32110.025;298.35756;1907.6769;648000;-116294.5;5323.515
346;-249571.71;-281643.19;32071.478;297.99939;1907.8888;648000;-116294.5;5328.065
347;-249666.14;-281719.02;32052.875;297.82654;1908.1294;648000;-116294.5;5333.6605
348;-249761.18;-281816.67;32055.492;297.85085;1908.2801;648000;-116294.5;5340.3153
349;-249856.14;-281936.05;32079.907;298.07771;1908.6882;648000;-116294.5;5348.0446
350;-249950.41;-282076.38;32125.971;298.50572;1914.6295;648000;-116294.5;5356.8648
351;-249703.12;-282097.63;32394.515;301.00097;1908.1633;648000;-116294.5;5356.5892
352;-249795.04;-282136.99;32341.947;300.51252;1902.4767;648000;-116294.5;5357.409
353;-249887.02;-282194.57;32307.549;300.1929;1897.7075;648000;-116294.5;5359.3249
354;-249978.65;-282270.04;32291.399;300.04283;1893.9557;648000;-116294.5;5362.3385
355;-250069.42;-282362.55;32293.126;300.05888;1891.2941;648000;-116294.5;5366.4529
356;-250158.86;-282470.69;32311.827;300.23265;1889.9372;648000;-116294.5;5371.672
357;-250246.6;-282592.68;32346.082;300.55094;1889.9873;648000;-116294.5;5378.0012
358;-250332.5;-282726.58;32394.08;300.99692;1891.6979;648000;-116294.5;5385.4472
359;-250416.68;-282870.52;32453.842;301.55222;1895.1688;648000;-116294.5;5394.018
360;-250499.53;-283023.03;32523.503;302.19949;1884.7741;648000;-116294.5;5403.7228
361;-250808.3;-283022.9;32214.606;299.3293;1881.73;648000;-116294.5;5403.9257
362;-250892.7;-283033.71;32141.011;298.64547;1880.544;648000;-116294.5;5405.2551
363;-250978.7;-283057.26;32078.557;298.06517;1881.1436;648000;-116294.5;5407.7148
364;-251066.45;-283095.46;32029.014;297.60483;1883.2473;648000;-116294.5;5411.3098
365;-251155.86;-283150.12;31994.264;297.28194;1886.4201;648000;-116294.5;5416.0461
366;-251246.62;-283222.68;31976.062;297.11282;1890.5839;648000;-116294.5;5421.9309
367;-251338.28;-283314.1;31975.819;297.11056;1895.7632;648000;-116294.5;5428.9724
368;-251430.29;-283424.72;31994.431;297.28349;1901.8562;648000;-116294.5;5437.1798
369;-251522.14;-283554.36;32032.214;297.63456;1908.8111;648000;-116294.5;5446.5633
370;-251613.47;-283702.4;32088.938;298.16163;1909.0681;648000;-116294.5;5457.1341
371;-251561.34;-283720.08;32158.736;298.81017;1904.9976;648000;-116294.5;5457.6181
372;-251647.54;-283750.97;32103.431;298.29629;1902.5741;648000;-116294.5;5459.2827
373;-251733.44;-283794.93;32061.488;297.90656;1901.8009;648000;-116294.5;5462.1281
374;-251819.04;-283851.77;32032.729;297.63934;1902.7744;648000;-116294.5;5466.155
375;-251904.36;-283921.31;32016.95;297.49274;1905.4308;648000;-116294.5;5471.3648
376;-251989.45;-284003.4;32013.948;297.46484;1909.6903;648000;-116294.5;5477.7594
377;-252074.43;-284097.98;32023.555;297.55411;1915.7495;648000;-116294.5;5485.3413
378;-252159.39;-284205.06;32045.672;297.75961;1923.588;648000;-116294.5;5494.1134
379;-252244.42;-284324.69;32080.275;298.08113;1933.1416;648000;-116294.5;5504.0793
380;-252329.6;-284457;32127.396;298.51897;1939.7034;648000;-116294.5;5515.2433
381;-252163.16;-284459.47;32296.309;300.08846;1943.3836;648000;-116294.5;5515.6124
382;-252243.77;-284469.69;32225.92;299.43443;1949.3792;648000;-116294.5;5517.1631
383;-252324.83;-284488.32;32163.493;298.85438;1957.5071;648000;-116294.5;5519.889
384;-252407.1;-284516.77;32109.668;298.35424;1967.5046;648000;-116294.5;5523.7845
385;-252491.19;-284557.03;32065.838;297.94699;1979.0551;648000;-116294.5;5528.845
386;-252577.42;-284611.39;32033.971;297.65088;1991.8493;648000;-116294.5;5535.0668
387;-252665.76;-284682.07;32016.305;297.48674;2005.6432;648000;-116294.5;5542.4474
388;-252755.85;-284770.85;32015.003;297.47464;2020.1381;648000;-116294.5;5550.9856
389;-252847.09;-284878.9;32031.812;297.63083;2035.1077;648000;-116294.5;5560.6816
390;-252938.77;-285006.6;32067.831;297.9655;2052.1414;648000;-116294.5;5571.537
391;-252712.93;-285028.4;32315.476;300.26656;2052.4471;648000;-116294.5;5572.4801
392;-252801.58;-285066.27;32264.687;299.79464;2053.3405;648000;-116294.5;5574.565
393;-252889.06;-285119.1;32230.039;299.4727;2054.9528;648000;-116294.5;5577.7917
394;-252975.11;-285185.52;32210.406;299.29027;2057.5578;648000;-116294.5;5582.1618
395;-253059.63;-285264.03;32204.399;299.23446;2061.1577;648000;-116294.5;5587.6793
396;-253142.68;-285353.19;32210.507;299.29121;2066.0084;648000;-116294.5;5594.3497
397;-253224.5;-285451.76;32227.265;299.44692;2072.1724;648000;-116294.5;5602.1805
398;-253305.48;-285558.92;32253.432;299.69006;2079.6276;648000;-116294.5;5611.1809
399;-253386.18;-285674.33;32288.154;300.01268;2088.5862;648000;-116294.5;5621.3619
400;-253467.16;-285798.25;32331.086;300.4116;2084.0542;648000;-116294.5;5632.736
401;-253577.62;-285794.32;32216.708;299.34883;2085.6095;648000;-116294.5;5633.1094
402;-253661.35;-285801.95;32140.594;298.6416;2088.2347;648000;-116294.5;5634.6656
403;-253745.57;-285821.79;32076.219;298.04344;2091.9544;648000;-116294.5;5637.3997
404;-253830.4;-285854.64;32024.233;297.5604;2096.6834;648000;-116294.5;5641.3078
405;-253915.95;-285901.36;31985.414;297.1997;2102.095;648000;-116294.5;5646.3877
406;-254002.24;-285962.84;31960.602;296.96917;2108.1681;648000;-116294.5;5652.6387
407;-254089.23;-286039.87;31950.64;296.8766;2114.8258;648000;-116294.5;5660.0615
408;-254176.82;-286133.11;31956.29;296.9291;2122.1128;648000;-116294.5;5668.6588
409;-254264.86;-286243.03;31978.177;297.13247;2129.8601;648000;-116294.5;5678.4349
410;-254353.19;-286369.93;32016.742;297.4908;2131.0125;648000;-116294.5;5689.3958
411;-254325.5;-286380.82;32055.321;297.84926;2125.8879;648000;-116294.5;5689.677
412;-254411.43;-286406.36;31994.925;297.28808;2121.3609;648000;-116294.5;5691.1268
413;-254498.29;-286447.64;31949.356;296.86467;2117.3499;648000;-116294.5;5693.7464
414;-254585.84;-286505.51;31919.664;296.58878;2113.99;648000;-116294.5;5697.539
415;-254673.73;-286580.38;31906.649;296.46785;2111.196;648000;-116294.5;5702.5096
416;-254761.46;-286672.16;31910.694;296.50543;2108.9769;648000;-116294.5;5708.6647
417;-254848.57;-286780.24;31931.667;296.70031;2107.5265;648000;-116294.5;5716.0124
418;-254934.68;-286903.61;31968.926;297.04651;2107.029;648000;-116294.5;5724.5621
419;-255019.63;-287041.06;32021.432;297.53438;2107.6031;648000;-116294.5;5734.3245
420;-255103.44;-287191.39;32087.946;298.15241;2102.6393;648000;-116294.5;5745.3116
421;-254833.55;-287191.15;32357.595;300.65791;2108.4987;648000;-116294.5;5746.6369
422;-254914.26;-287200.3;32286.041;299.99306;2115.9221;648000;-116294.5;5749.1725
423;-254996.88;-287220.93;32224.054;299.41708;2124.4659;648000;-116294.5;5752.9158
424;-255081.65;-287255.35;32173.694;298.94915;2133.8958;648000;-116294.5;5757.8659
425;-255168.53;-287305.75;32137.223;298.61028;2143.7542;648000;-116294.5;5764.0236
426;-255257.21;-287374.03;32116.817;298.42067;2153.8698;648000;-116294.5;5771.3919
427;-255347.19;-287461.5;32114.305;298.39733;2164.0018;648000;-116294.5;5779.9755
428;-255437.88;-287568.85;32130.97;298.55217;2174.0214;648000;-116294.5;5789.7814
429;-255528.66;-287696.11;32167.451;298.89115;2183.8098;648000;-116294.5;5800.8186
430;-255619;-287842.73;32223.73;299.41408;2169.9668;648000;-116294.5;5813.0985
431;-255654.22;-287847.2;32192.978;299.12834;2168.3621;648000;-116294.5;5813.0703
432;-255738.09;-287864.76;32126.665;298.51217;2167.3708;648000;-116294.5;5814.2769
433;-255822.92;-287896.53;32073.604;298.01914;2166.7183;648000;-116294.5;5816.7214
434;-255908.75;-287943.65;32034.901;297.65953;2166.3134;648000;-116294.5;5820.4087
435;-255995.39;-288007.04;32011.651;297.4435;2166.1508;648000;-116294.5;5825.3455
436;-256082.5;-288087.23;32004.732;297.37921;2166.1618;648000;-116294.5;5831.5398
437;-256169.58;-288184.2;32014.624;297.47112;2166.483;648000;-116294.5;5839.0014
438;-256256.13;-288297.42;32041.286;297.71886;2167.2857;648000;-116294.5;5847.7417
439;-256341.74;-288425.88;32084.14;298.11705;2168.6856;648000;-116294.5;5857.7737
440;-256426.18;-288568.34;32142.164;298.65619;2179.099;648000;-116294.5;5869.1124
441;-256190.85;-288568.16;32377.317;300.84117;2176.2492;648000;-116294.5;5869.9387
442;-256273.37;-288579.72;32306.349;300.18175;2174.807;648000;-116294.5;5872.0694
443;-256357;-288604.27;32247.269;299.6328;2174.8829;648000;-116294.5;5875.5054
444;-256441.92;-288643.23;32201.307;299.20572;2176.2527;648000;-116294.5;5880.2492
445;-256528.15;-288698.01;32169.859;298.91353;2178.8652;648000;-116294.5;5886.305
446;-256615.49;-288769.78;32154.295;298.76891;2182.4725;648000;-116294.5;5893.6787
447;-256703.54;-288859.27;32155.733;298.78226;2186.9387;648000;-116294.5;5902.3777
448;-256791.81;-288966.68;32174.864;298.96003;2192.3373;648000;-116294.5;5912.4111
449;-256879.77;-289091.61;32211.835;299.30355;2198.6487;648000;-116294.5;5923.7896
450;-256966.96;-289233.18;32266.225;299.80893;2189.5874;648000;-116294.5;5936.5254
451;-256916.94;-289233.86;32316.926;300.28003;2188.9312;648000;-116294.5;5937.8022
452;-257000.47;-289247.58;32247.114;299.63135;2189.4485;648000;-116294.5;5940.4099
453;-257085.48;-289275.96;32190.483;299.10515;2191.0064;648000;-116294.5;5944.3479
454;-257171.83;-289320.46;32148.631;298.71628;2193.4957;648000;-116294.5;5949.6174
455;-257259.15;-289382.11;32122.969;298.47784;2196.8643;648000;-116294.5;5956.2211
456;-257346.9;-289461.4;32114.498;298.39912;2201.0503;648000;-116294.5;5964.1633
457;-257434.53;-289558.19;32123.657;298.48422;2206.0274;648000;-116294.5;5973.4499
458;-257521.51;-289671.79;32150.278;298.73158;2212.052;648000;-116294.5;5984.0881
459;-257607.5;-289801.15;32193.649;299.13457;2219.1327;648000;-116294.5;5996.0863
460;-257692.39;-289945.07;32252.686;299.68313;2215.1626;648000;-116294.5;6009.4546
461;-257603.96;-289966.2;32362.242;300.70109;2206.4818;648000;-116294.5;6009.0281
462;-257684.38;-289997.2;32312.82;300.24188;2199.6728;648000;-116294.5;6009.9676
463;-257764.34;-290037.71;32273.373;299.87534;2194.8413;648000;-116294.5;6012.2789
464;-257844.19;-290087.73;32243.535;299.5981;2192.0139;648000;-116294.5;6015.9685
465;-257924.29;-290147.58;32223.281;299.40991;2191.0991;648000;-116294.5;6021.0443
466;-258004.98;-290217.91;32212.933;299.31375;2191.9633;648000;-116294.5;6027.515
467;-258086.49;-290299.6;32213.112;299.31542;2194.6377;648000;-116294.5;6035.3906
468;-258168.97;-290393.62;32224.655;299.42267;2199.1603;648000;-116294.5;6044.682
469;-258252.47;-290500.98;32248.509;299.64431;2205.2482;648000;-116294.5;6055.4015
470;-258337;-290622.65;32285.647;299.98939;2209.5593;648000;-116294.5;6067.5627
471;-258223.48;-290613.88;32390.408;300.9628;2209.0526;648000;-116294.5;6068.2294
472;-258305.07;-290616.3;32311.236;300.22716;2210.5038;648000;-116294.5;6070.3279
473;-258388.13;-290631.54;32243.415;299.59698;2213.4695;648000;-116294.5;6073.8604
474;-258472.93;-290661.49;32188.567;299.08735;2217.8962;648000;-116294.5;6078.8299
475;-258559.65;-290708.22;32148.565;298.71567;2223.449;648000;-116294.5;6085.241
476;-258648.33;-290773.77;32125.431;298.50071;2229.8456;648000;-116294.5;6093.0991
477;-258738.77;-290859.94;32121.166;298.46108;2236.9;648000;-116294.5;6102.4108
478;-258830.53;-290968.05;32137.519;298.61302;2244.6665;648000;-116294.5;6113.1837
479;-258922.93;-291098.67;32175.736;298.96813;2253.0906;648000;-116294.5;6125.4261
480;-259015.17;-291251.5;32236.333;299.53118;2245.1564;648000;-116294.5;6139.1474
481;-259077.43;-291273.28;32195.854;299.15506;2237.8624;648000;-116294.5;6139.856
482;-259164.16;-291311.82;32147.66;298.70726;2231.8932;648000;-116294.5;6142.0292
483;-259249.76;-291366.08;32116.326;298.41611;2227.3544;648000;-116294.5;6145.6705
484;-259334.32;-291435.13;32100.808;298.27192;2224.4994;648000;-116294.5;6150.7846
485;-259418.15;-291518.3;32100.149;298.26579;2223.4403;648000;-116294.5;6157.377
486;-259501.63;-291615.29;32113.656;298.3913;2224.4238;648000;-116294.5;6165.4537
487;-259585.16;-291726.17;32141.002;298.64539;2227.3479;648000;-116294.5;6175.0215
488;-259669.01;-291851.22;32182.207;299.02825;2232.1126;648000;-116294.5;6186.0877
489;-259753.26;-291990.77;32237.515;299.54216;2238.7526;648000;-116294.5;6198.6603
490;-259837.74;-292144.93;32307.191;300.18957;2224.4099;648000;-116294.5;6212.7476
491;-260077.91;-292151.68;32073.765;298.02065;2226.0234;648000;-116294.5;6214.2828
492;-260161.08;-292172.22;32011.142;297.43877;2229.3563;648000;-116294.5;6217.3055
493;-260243.85;-292206.3;31962.453;296.98636;2234.3463;648000;-116294.5;6221.8075
494;-260325.88;-292253.31;31927.429;296.66093;2241.0988;648000;-116294.5;6227.7818
495;-260407.04;-292312.5;31905.458;296.45678;2249.7442;648000;-116294.5;6235.2225
496;-260487.45;-292383.23;31895.786;296.36691;2260.1695;648000;-116294.5;6244.1249
497;-260567.47;-292465.23;31897.766;296.38531;2272.4058;648000;-116294.5;6254.4854
498;-260647.66;-292558.77;31911.108;296.50928;2286.1967;648000;-116294.5;6266.3025
499;-260728.65;-292664.7;31936.059;296.74111;2301.3833;648000;-116294.5;6279.5759
500;-260810.98;-292784.44;31973.455;297.08859;2325.9498;648000;-116294.5;6294.3076
501;-260477.63;-292797.26;32319.637;300.30522;2319.7019;648000;-116294.5;6294.2798
502;-260559.42;-292822.56;32263.137;299.78023;2315.0133;648000;-116294.5;6295.7111
503;-260640.25;-292859.46;32219.212;299.3721;2311.9335;648000;-116294.5;6298.605
504;-260720.22;-292907.22;32186.999;299.07278;2310.4602;648000;-116294.5;6302.9666
505;-260799.62;-292965.35;32165.732;298.87517;2310.6635;648000;-116294.5;6308.803
506;-260878.88;-293033.81;32154.923;298.77474;2312.5898;648000;-116294.5;6316.123
507;-260958.52;-293113.03;32154.506;298.77087;2316.1232;648000;-116294.5;6324.9374
508;-261039.02;-293203.93;32164.905;298.86749;2321.1632;648000;-116294.5;6335.2586
509;-261120.77;-293307.77;32186.999;299.07278;2327.7568;648000;-116294.5;6347.1009
510;-261203.94;-293425.95;32222.003;299.39803;2322.3089;648000;-116294.5;6360.4802
511;-261090.82;-293408.02;32317.204;300.28261;2322.9432;648000;-116294.5;6360.3883
512;-261171.16;-293401.47;32230.308;299.4752;2325.0077;648000;-116294.5;6361.8192
513;-261253.31;-293408.28;32154.974;298.77522;2328.049;648000;-116294.5;6364.7749
514;-261337.44;-293430.63;32093.191;298.20114;2331.8674;648000;-116294.5;6369.2589
515;-261423.5;-293470.59;32047.085;297.77274;2336.1163;648000;-116294.5;6375.2766
516;-261511.26;-293529.96;32018.704;297.50903;2340.7643;648000;-116294.5;6382.8348
517;-261600.26;-293610.06;32009.797;297.42627;2345.7552;648000;-116294.5;6391.942
518;-261689.97;-293711.6;32021.633;297.53625;2350.9291;648000;-116294.5;6402.6081
519;-261779.81;-293834.7;32054.887;297.84524;2356.4429;648000;-116294.5;6414.8447
520;-261869.26;-293978.88;32109.618;298.35378;2362.4;648000;-116294.5;6428.6646
521;-261497.1;-293997.69;32500.587;301.98656;2359.6022;648000;-116294.5;6430.0147
522;-261579.29;-294029.57;32450.284;301.51916;2358.5171;648000;-116294.5;6432.9339
523;-261662.05;-294075.17;32413.111;301.17375;2359.0796;648000;-116294.5;6437.4209
524;-261745.33;-294135.01;32389.68;300.95604;2361.2306;648000;-116294.5;6443.4758
525;-261828.97;-294209.47;32380.508;300.87082;2364.8452;648000;-116294.5;6451.1001
526;-261912.76;-294298.68;32385.925;300.92114;2369.9334;648000;-116294.5;6460.2967
527;-261996.52;-294402.55;32406.03;301.10796;2376.5058;648000;-116294.5;6471.07
528;-262080.15;-294520.86;32440.709;301.43018;2384.4961;648000;-116294.5;6483.4262
529;-262163.64;-294653.34;32489.704;301.88543;2393.9093;648000;-116294.5;6497.3728
530;-262247.1;-294799.84;32552.733;302.47108;2379.9247;648000;-116294.5;6512.919
531;-262426.97;-294807.14;32380.171;300.86769;2383.4868;648000;-116294.5;6513.6178
532;-262506.03;-294824.31;32318.286;300.29266;2389.1387;648000;-116294.5;6515.8912
533;-262585.33;-294851.74;32266.407;299.81062;2396.6416;648000;-116294.5;6519.7327
534;-262665.17;-294890.06;32224.894;299.42489;2405.8137;648000;-116294.5;6525.1374
535;-262745.78;-294940.16;32194.386;299.14142;2416.3956;648000;-116294.5;6532.1019
536;-262827.31;-295003.05;32175.734;298.96811;2428.2988;648000;-116294.5;6540.6248
537;-262909.84;-295079.76;32169.919;298.91408;2441.2678;648000;-116294.5;6550.7063
538;-262993.33;-295171.27;32177.948;298.98868;2454.9551;648000;-116294.5;6562.3488
539;-263077.68;-295278.45;32200.765;299.20069;2469.1093;648000;-116294.5;6575.5567
540;-263162.8;-295401.99;32239.188;299.55771;2468.6421;648000;-116294.5;6590.3368
541;-263021.15;-295394.19;32373.043;300.80145;2466.2539;648000;-116294.5;6591.1854
542;-263105.55;-295401.77;32296.22;300.08763;2464.5374;648000;-116294.5;6593.5947
543;-263190.01;-295424.91;32234.904;299.5179;2463.3362;648000;-116294.5;6597.5679
544;-263274.4;-295463.66;32189.259;299.09378;2462.3836;648000;-116294.5;6603.1101
545;-263358.68;-295517.99;32159.314;298.81554;2461.8288;648000;-116294.5;6610.229
546;-263442.86;-295587.89;32145.03;298.68282;2461.9283;648000;-116294.5;6618.9341
547;-263527.02;-295673.38;32146.359;298.69516;2462.6468;648000;-116294.5;6629.237
548;-263611.22;-295774.5;32163.282;298.85241;2463.9862;648000;-116294.5;6641.1514
549;-263695.55;-295891.38;32195.827;299.15481;2465.9657;648000;-116294.5;6654.6928
550;-263780.1;-296024.16;32244.064;299.60301;2447.0856;648000;-116294.5;6669.8784
551;-263726.92;-296026.98;32300.068;300.12338;2441.7299;648000;-116294.5;6669.7818
552;-263806.82;-296040.94;32234.117;299.51059;2438.0391;648000;-116294.5;6671.3109
553;-263886.83;-296066.29;32179.462;299.00275;2436.0222;648000;-116294.5;6674.4677
554;-263967.42;-296103.78;32136.359;298.60225;2435.5365;648000;-116294.5;6679.2557
555;-264048.99;-296154.52;32105.525;298.31575;2436.4978;648000;-116294.5;6685.6799
556;-264131.76;-296219.8;32088.034;298.15322;2438.6765;648000;-116294.5;6693.7472
557;-264215.76;-296300.91;32085.148;298.12641;2441.9905;648000;-116294.5;6703.4658
558;-264300.79;-296398.9;32098.112;298.24687;2446.2487;648000;-116294.5;6714.8458
559;-264386.48;-296514.41;32127.933;298.52396;2451.4366;648000;-116294.5;6727.8986
560;-264472.32;-296647.51;32175.194;298.96309;2457.0929;648000;-116294.5;6742.6372
561;-264213.28;-296655.05;32441.77;301.44005;2454.721;648000;-116294.5;6742.641
562;-264295.66;-296676.18;32380.519;300.87092;2453.8095;648000;-116294.5;6744.3201
563;-264378.08;-296711.02;32332.949;300.42891;2454.5354;648000;-116294.5;6747.679
564;-264460.4;-296759.55;32299.153;300.11489;2456.747;648000;-116294.5;6752.7236
565;-264542.57;-296821.65;32279.088;299.92845;2460.4659;648000;-116294.5;6759.4609
566;-264624.61;-296897.24;32272.63;299.86844;2465.7111;648000;-116294.5;6767.8994
567;-264706.66;-296986.33;32279.663;299.93379;2472.5007;648000;-116294.5;6778.0486
568;-264788.96;-297089.14;32300.183;300.12446;2480.7888;648000;-116294.5;6789.9189
569;-264871.78;-297206.17;32334.392;300.44231;2490.1955;648000;-116294.5;6803.522
570;-264955.44;-297338.19;32382.747;300.89162;2473.615;648000;-116294.5;6818.8706
571;-265213.92;-297355.33;32141.41;298.64918;2473.1589;648000;-116294.5;6819.6171
572;-265296.42;-297386.66;32090.238;298.17371;2474.0772;648000;-116294.5;6822.0947
573;-265377.69;-297431.09;32053.399;297.83141;2476.501;648000;-116294.5;6826.303
574;-265458.05;-297487.83;32029.785;297.61199;2480.5607;648000;-116294.5;6832.2431
575;-265537.99;-297556.59;32018.604;297.50811;2486.2827;648000;-116294.5;6839.9174
576;-265618.04;-297637.57;32019.532;297.51673;2493.5131;648000;-116294.5;6849.3296
577;-265698.69;-297731.44;32032.753;297.63957;2502.2369;648000;-116294.5;6860.4854
578;-265780.26;-297839.16;32058.898;297.8825;2512.2673;648000;-116294.5;6873.3916
579;-265862.85;-297961.72;32098.871;298.25392;2523.3861;648000;-116294.5;6888.0569
580;-265946.28;-298099.89;32153.611;298.76255;2533.5542;648000;-116294.5;6904.4914
581;-265700.67;-298117.87;32417.202;301.21176;2531.7598;648000;-116294.5;6905.8184
582;-265781.27;-298148.12;32366.841;300.74383;2531.6891;648000;-116294.5;6908.9017
583;-265862.89;-298191.72;32328.822;300.39057;2533.0229;648000;-116294.5;6913.7369
584;-265945.44;-298249.64;32304.206;300.16184;2535.594;648000;-116294.5;6920.3206
585;-266028.72;-298322.66;32293.938;300.06643;2539.3956;648000;-116294.5;6928.6506
586;-266112.52;-298411.27;32298.749;300.11113;2544.2146;648000;-116294.5;6938.7262
587;-266196.6;-298515.71;32319.106;300.30029;2549.8087;648000;-116294.5;6950.5478
588;-266280.81;-298636.03;32355.222;300.63586;2556.2772;648000;-116294.5;6964.1175
589;-266365.04;-298772.15;32407.113;301.11802;2563.5356;648000;-116294.5;6979.4391
590;-266449.24;-298923.89;32474.657;301.74562;2557.9754;648000;-116294.5;6996.5182
591;-266615.65;-298935.26;32319.609;300.30496;2559.0986;648000;-116294.5;6996.9336
592;-266697.34;-298960.04;32262.699;299.77616;2561.3143;648000;-116294.5;6999.0729
593;-266779.94;-298999.27;32219.327;299.37317;2564.3697;648000;-116294.5;7002.9334
594;-266863.39;-299053.87;32190.477;299.1051;2568.1451;648000;-116294.5;7008.5145
595;-266947.53;-299124.58;32177.05;298.98034;2572.489;648000;-116294.5;7015.8182
596;-267032.16;-299211.92;32179.764;299.00556;2577.3006;648000;-116294.5;7024.8483
597;-267117;-299316.09;32199.086;299.18509;2582.425;648000;-116294.5;7035.6112
598;-267201.75;-299436.92;32235.174;299.52041;2587.9138;648000;-116294.5;7048.115
599;-267286.09;-299573.93;32287.836;300.00973;2593.8689;648000;-116294.5;7062.37
600;-267369.75;-299726.27;32356.527;300.64799;2575.3936;648000;-116294.5;7078.3885
601;-267468.31;-299732.38;32264.071;299.78891;2572.0039;648000;-116294.5;7079.2651
602;-267546.99;-299749.11;32202.123;299.21331;2570.1457;648000;-116294.5;7081.8815
603;-267626.55;-299777.49;32150.931;298.73765;2569.673;648000;-116294.5;7086.2379
604;-267707.01;-299818.51;32111.504;298.3713;2570.4436;648000;-116294.5;7092.3362
605;-267788.27;-299873.1;32084.825;298.12341;2572.3788;648000;-116294.5;7100.1802
606;-267870.27;-299942.05;32071.782;298.00222;2575.2238;648000;-116294.5;7109.7754
607;-267952.94;-300026.1;32073.157;298.01499;2578.7865;648000;-116294.5;7121.1291
608;-268036.29;-300125.94;32089.65;298.16824;2583.0172;648000;-116294.5;7134.2507
609;-268120.39;-300242.33;32121.94;298.46827;2587.8827;648000;-116294.5;7149.1514
610;-268205.34;-300376.06;32170.726;298.92157;2575.7486;648000;-116294.5;7165.8446
611;-268116.91;-300379.71;32262.8;299.7771;2574.7665;648000;-116294.5;7166.6321
612;-268196.48;-300395.13;32198.646;299.181;2574.8249;648000;-116294.5;7169.2007
613;-268276.44;-300422.87;32146.433;298.69586;2575.8133;648000;-116294.5;7173.5526
614;-268357.11;-300463.8;32106.682;298.3265;2577.7396;648000;-116294.5;7179.6918
615;-268438.71;-300518.94;32080.227;298.08068;2580.383;648000;-116294.5;7187.6247
616;-268521.25;-300589.32;32068.066;297.96769;2583.8607;648000;-116294.5;7197.3595
617;-268604.62;-300675.82;32071.193;297.99674;2588.0733;648000;-116294.5;7208.9065
618;-268688.6;-300779.04;32090.44;298.17559;2593.0386;648000;-116294.5;7222.2779
619;-268772.88;-300899.25;32126.373;298.50946;2598.778;648000;-116294.5;7237.4875
620;-268857.18;-301036.41;32179.225;299.00055;2598.9816;648000;-116294.5;7254.551
621;-268712.21;-301045.96;32333.757;300.43642;2603.0886;648000;-116294.5;7255.1777
622;-268791.51;-301067.17;32275.658;299.89657;2608.7445;648000;-116294.5;7257.6482
623;-268871.13;-301100.46;32229.331;299.46612;2615.8104;648000;-116294.5;7261.9612
624;-268951.37;-301146.57;32195.21;299.14907;2624.0164;648000;-116294.5;7268.1171
625;-269032.45;-301206.45;32173.992;298.95192;2633.3169;648000;-116294.5;7276.1187
626;-269114.56;-301281.16;32166.598;298.88322;2643.3417;648000;-116294.5;7285.9703
627;-269197.71;-301371.78;32174.066;298.95261;2653.8853;648000;-116294.5;7297.6787
628;-269281.8;-301479.23;32197.43;299.1697;2664.7189;648000;-116294.5;7311.2526
629;-269366.6;-301604.16;32237.565;299.54263;2675.6801;648000;-116294.5;7326.7028
630;-269451.79;-301746.86;32295.071;300.07696;2671.6342;648000;-116294.5;7344.0423
631;-269550.27;-301744.25;32193.978;299.13763;2671.9855;648000;-116294.5;7345.7815
632;-269635.71;-301759.93;32124.215;298.48941;2672.6003;648000;-116294.5;7349.3923
633;-269721.87;-301794.75;32072.881;298.01243;2673.3908;648000;-116294.5;7354.8743
634;-269808.22;-301849;32040.778;297.71414;2674.3138;648000;-116294.5;7362.2288
635;-269894.23;-301922.39;32028.163;297.59692;2675.4863;648000;-116294.5;7371.4584
636;-269979.45;-302014.18;32034.726;297.6579;2676.7696;648000;-116294.5;7382.5678
637;-270063.6;-302123.28;32059.677;297.88974;2678.4651;648000;-116294.5;7395.563
638;-270146.61;-302248.54;32101.922;298.28227;2680.695;648000;-116294.5;7410.4517
639;-270228.61;-302388.88;32160.268;298.82441;2683.7528;648000;-116294.5;7427.2434
640;-270309.87;-302543.49;32233.613;299.50591;2672.5284;648000;-116294.5;7445.949
641;-270305.98;-302537.16;32231.177;299.48327;2670.4257;648000;-116294.5;7446.8753
642;-270389.12;-302547.12;32158.004;298.80337;2669.0839;648000;-116294.5;7449.6982
643;-270473.35;-302574.61;32101.262;298.27613;2668.1491;648000;-116294.5;7454.4178
644;-270558.34;-302620.49;32062.153;297.91275;2667.605;648000;-116294.5;7461.0354
645;-270643.66;-302685.18;32041.52;297.72103;2667.5001;648000;-116294.5;7469.5541
646;-270728.86;-302768.59;32039.736;297.70446;2667.6657;648000;-116294.5;7479.9781
647;-270813.49;-302870.17;32056.682;297.86191;2668.2972;648000;-116294.5;7492.3131
648;-270897.21;-302988.97;32091.762;298.18787;2669.3821;648000;-116294.5;7506.5666
649;-270979.84;-303123.85;32144.009;298.67333;2671.1555;648000;-116294.5;7522.7474
650;-271061.41;-303273.66;32212.249;299.3074;2654.4404;648000;-116294.5;7540.8662
651;-270947.2;-303291.95;32344.751;300.53857;2641.7467;648000;-116294.5;7540.8482
652;-271022.86;-303319.01;32296.15;300.08698;2631.1052;648000;-116294.5;7542.7652
653;-271098.79;-303355.24;32256.45;299.7181;2622.7339;648000;-116294.5;7546.6288
654;-271175.65;-303401.69;32226.043;299.43556;2616.7671;648000;-116294.5;7552.4519
655;-271253.94;-303459.88;32205.946;299.24884;2613.1754;648000;-116294.5;7560.2488
656;-271333.92;-303531.57;32197.648;299.17173;2611.9513;648000;-116294.5;7570.0352
657;-271415.62;-303618.49;32202.871;299.22026;2613.0504;648000;-116294.5;7581.8275
658;-271498.8;-303722.1;32223.307;299.41014;2616.4155;648000;-116294.5;7595.6429
659;-271583;-303843.36;32260.359;299.75443;2621.8231;648000;-116294.5;7611.4992
660;-271667.62;-303982.55;32314.93;300.26149;2608.5969;648000;-116294.5;7629.4146
661;-271730.54;-303982.94;32252.392;299.68039;2611.8867;648000;-116294.5;7630.6081
662;-271812.67;-303998.9;32186.236;299.06569;2617.1402;648000;-116294.5;7633.8316
663;-271895.24;-304031.03;32135.789;298.59696;2624.306;648000;-116294.5;7639.0809
664;-271978.11;-304079.72;32101.607;298.27934;2633.3293;648000;-116294.5;7646.3525
665;-272061.1;-304145.16;32084.065;298.11635;2644.1626;648000;-116294.5;7655.6434
666;-272143.96;-304227.28;32083.319;298.10941;2656.7505;648000;-116294.5;7666.9509
667;-272226.48;-304325.74;32099.264;298.25757;2670.9441;648000;-116294.5;7680.2731
668;-272308.41;-304439.93;32131.523;298.55731;2686.6722;648000;-116294.5;7695.6086
669;-272389.6;-304569.06;32179.458;299.00271;2703.8631;648000;-116294.5;7712.9568
670;-272470.02;-304712.26;32242.246;299.58612;2712.0495;648000;-116294.5;7732.3183
671;-272369.59;-304705.72;32336.135;300.45852;2720.7267;648000;-116294.5;7734.8325
672;-272448.22;-304711.38;32263.163;299.78048;2731.0012;648000;-116294.5;7739.3229
673;-272527.63;-304730.17;32202.537;299.21715;2742.512;648000;-116294.5;7745.7858
674;-272607.99;-304763.16;32155.176;298.77709;2755.1753;648000;-116294.5;7754.2185
675;-272689.4;-304811.53;32122.129;298.47003;2768.8532;648000;-116294.5;7764.6201
676;-272771.94;-304876.48;32104.541;298.30661;2783.0799;648000;-116294.5;7776.9912
677;-272855.59;-304959.19;32103.595;298.29781;2797.5256;648000;-116294.5;7791.334
678;-272940.26;-305060.68;32120.418;298.45413;2812.1277;648000;-116294.5;7807.6523
679;-273025.75;-305181.74;32155.996;298.78471;2826.6923;648000;-116294.5;7825.952
680;-273111.78;-305322.85;32211.072;299.29646;2816.0017;648000;-116294.5;7846.2405
681;-273122.15;-305339.85;32217.696;299.35801;2812.1874;648000;-116294.5;7847.0883
682;-273199.59;-305368.24;32168.651;298.9023;2809.2481;648000;-116294.5;7849.8989
683;-273277.2;-305408.34;32131.138;298.55374;2807.091;648000;-116294.5;7854.6721
684;-273355.44;-305460.9;32105.46;298.31514;2805.645;648000;-116294.5;7861.4096
685;-273434.62;-305526.95;32092.332;298.19316;2804.8697;648000;-116294.5;7870.1152
686;-273514.91;-305607.67;32092.759;298.19713;2804.6133;648000;-116294.5;7880.7951
687;-273596.3;-305704.17;32107.871;298.33755;2804.9396;648000;-116294.5;7893.4574
688;-273678.6;-305817.34;32138.742;298.62439;2805.8599;648000;-116294.5;7908.1123
689;-273761.52;-305947.75;32186.222;299.06556;2807.3941;648000;-116294.5;7924.7723
690;-273844.71;-306095.53;32250.822;299.66581;2798.555;648000;-116294.5;7943.4516
691;-273739.89;-306094.72;32354.829;300.63221;2797.8566;648000;-116294.5;7943.5817
692;-273819.54;-306107.58;32288.034;300.01157;2798.4288;648000;-116294.5;7945.7304
693;-273899.79;-306134.81;32235.022;299.519;2800.294;648000;-116294.5;7949.8976
694;-273980.44;-306176.91;32196.473;299.16082;2803.3125;648000;-116294.5;7956.0847
695;-274061.27;-306234.13;32172.856;298.94137;2807.4209;648000;-116294.5;7964.2947
696;-274142.09;-306306.49;32164.395;298.86275;2812.4928;648000;-116294.5;7974.5317
697;-274222.8;-306393.91;32171.104;298.92509;2818.441;648000;-116294.5;7986.801
698;-274303.39;-306496.25;32192.863;299.12727;2825.3056;648000;-116294.5;8001.1098
699;-274383.94;-306613.45;32229.513;299.46781;2833.0469;648000;-116294.5;8017.4661
700;-274464.68;-306745.64;32280.967;299.9459;2819.0176;648000;-116294.5;8035.8798
701;-274503.23;-306767.9;32264.677;299.79455;2815.0462;648000;-116294.5;8036.4721
702;-274582.54;-306803.72;32221.178;299.39036;2811.8426;648000;-116294.5;8039.0836
703;-274661.58;-306852.9;32191.324;299.11297;2809.2332;648000;-116294.5;8043.7117
704;-274740.37;-306915.27;32174.898;298.96034;2807.4512;648000;-116294.5;8050.3563
705;-274819;-306990.7;32171.703;298.93065;2806.4464;648000;-116294.5;8059.0195
706;-274897.58;-307079.18;32181.604;299.02265;2806.3227;648000;-116294.5;8069.7061
707;-274976.18;-307180.72;32204.541;299.23577;2807.0192;648000;-116294.5;8082.4229
708;-275054.89;-307295.4;32240.51;299.56999;2808.5006;648000;-116294.5;8097.1794
709;-275133.71;-307423.24;32289.536;300.02553;2810.9545;648000;-116294.5;8113.9873
710;-275212.64;-307564.27;32351.628;300.60247;2804.1671;648000;-116294.5;8132.8602
711;-275098.73;-307574.55;32475.812;301.75635;2806.3537;648000;-116294.5;8133.3563
712;-275174.37;-307594.41;32420.047;301.2382;2810.3878;648000;-116294.5;8135.9065
713;-275250.62;-307624.57;32373.955;300.80992;2816.1427;648000;-116294.5;8140.5106
714;-275327.67;-307665.9;32338.231;300.47799;2823.4815;648000;-116294.5;8147.17
715;-275405.64;-307719.37;32313.727;300.2503;2832.0098;648000;-116294.5;8155.888
716;-275484.64;-307786.05;32301.409;300.13585;2841.4684;648000;-116294.5;8166.6698
717;-275564.69;-307867;32302.311;300.14423;2851.7335;648000;-116294.5;8179.5224
718;-275645.78;-307963.25;32317.47;300.28508;2862.5966;648000;-116294.5;8194.455
719;-275727.84;-308075.72;32347.872;300.56757;2873.8074;648000;-116294.5;8211.4784
720;-275810.73;-308205.12;32394.39;300.9998;2849.0129;648000;-116294.5;8230.6055
721;-276129.71;-308228.16;32098.449;298.25;2838.1247;648000;-116294.5;8231.2876
722;-276210.06;-308266.13;32056.07;297.85623;2827.874;648000;-116294.5;8234.0629
723;-276290.4;-308319.15;32028.751;297.60238;2818.3534;648000;-116294.5;8238.9388
724;-276370.76;-308387.34;32016.577;297.48927;2809.5755;648000;-116294.5;8245.9241
725;-276451.1;-308470.72;32019.625;297.51758;2801.7273;648000;-116294.5;8255.0291
726;-276531.31;-308569.2;32037.893;297.68733;2794.8597;648000;-116294.5;8266.2657
727;-276611.27;-308682.52;32071.249;297.99726;2789.1787;648000;-116294.5;8279.6472
728;-276690.89;-308810.29;32119.402;298.44469;2784.8133;648000;-116294.5;8295.1881
729;-276770.12;-308952.05;32181.929;299.02567;2781.8603;648000;-116294.5;8312.904
730;-276848.98;-309107.3;32258.326;299.73553;2769.4486;648000;-116294.5;8332.8117
731;-276848.36;-309123.7;32275.34;299.89362;2768.3253;648000;-116294.5;8334.3263
732;-276925.72;-309152.08;32226.357;299.43848;2769.0849;648000;-116294.5;8338.0131
733;-277003.26;-309192.73;32189.462;299.09567;2771.6071;648000;-116294.5;8343.8685
734;-277080.95;-309245.86;32164.909;298.86753;2775.9351;648000;-116294.5;8351.8903
735;-277158.7;-309311.6;32152.898;298.75593;2781.865;648000;-116294.5;8362.0776
736;-277236.43;-309389.96;32153.527;298.76177;2789.2357;648000;-116294.5;8374.4307
737;-277314.1;-309480.88;32166.786;298.88497;2797.949;648000;-116294.5;8388.9518
738;-277391.73;-309584.33;32192.599;299.12481;2807.8753;648000;-116294.5;8405.6444
739;-277469.48;-309700.38;32230.899;299.48069;2818.9563;648000;-116294.5;8424.5141
740;-277547.61;-309829.36;32281.749;299.95317;2820.8526;648000;-116294.5;8445.5679
741;-277417.16;-309838.47;32421.313;301.24997;2816.0052;648000;-116294.5;8446.3889
742;-277492.28;-309857.22;32364.935;300.72611;2812.7684;648000;-116294.5;8449.3685
743;-277568.43;-309886.74;32318.31;300.29289;2811.0065;648000;-116294.5;8454.5068
744;-277645.97;-309928.53;32282.557;299.96068;2810.3479;648000;-116294.5;8461.8056
745;-277725.04;-309984.17;32259.128;299.74299;2810.7813;648000;-116294.5;8471.2684
746;-277805.57;-310055.16;32249.59;299.65436;2812.4465;648000;-116294.5;8482.9
747;-277887.25;-310142.64;32255.389;299.70825;2815.0035;648000;-116294.5;8496.7068
748;-277969.62;-310247.25;32277.626;299.91486;2818.4732;648000;-116294.5;8512.6964
749;-278052.18;-310369.08;32316.902;300.2798;2822.9032;648000;-116294.5;8530.8778
750;-278134.51;-310507.79;32373.285;300.8037;2795.8728;648000;-116294.5;8551.2612
751;-278175.56;-310504.93;32329.36;300.39556;2805.0783;648000;-116294.5;8553.1972
752;-278251.76;-310512.97;32261.203;299.76227;2816.0357;648000;-116294.5;8557.3081
753;-278329.4;-310533.49;32204.089;299.23158;2828.4001;648000;-116294.5;8563.5876
754;-278408.52;-310568.09;32159.578;298.81799;2841.8299;648000;-116294.5;8572.031
755;-278488.98;-310618.21;32129.233;298.53604;2856.0355;648000;-116294.5;8582.635
756;-278570.54;-310685;32114.464;298.3988;2870.6633;648000;-116294.5;8595.3981
757;-278652.85;-310769.24;32116.385;298.41666;2885.4859;648000;-116294.5;8610.3203
758;-278735.6;-310871.36;32135.755;298.59663;2900.4851;648000;-116294.5;8627.4037
759;-278818.49;-310991.45;32172.959;298.94233;2915.574;648000;-116294.5;8646.6519
760;-278901.35;-311129.41;32228.067;299.45437;2905.7769;648000;-116294.5;8668.0706
761;-279071.07;-311123.62;32052.55;297.82351;2908.4351;648000;-116294.5;8668.4545
762;-279152.47;-311134.72;31982.245;297.17027;2911.276;648000;-116294.5;8670.9759
763;-279234.55;-311163.55;31928.994;296.67547;2914.2659;648000;-116294.5;8675.633
764;-279317.07;-311210.68;31893.615;296.34674;2917.2958;648000;-116294.5;8682.4261
765;-279399.72;-311276.36;31876.649;296.18909;2920.3961;648000;-116294.5;8691.3575
766;-279482.17;-311360.48;31878.306;296.20449;2923.5888;648000;-116294.5;8702.4313
767;-279564.09;-311462.52;31898.431;296.39149;2927.0819;648000;-116294.5;8715.6531
768;-279645.17;-311581.67;31936.493;296.74515;2931.0513;648000;-116294.5;8731.0303
769;-279725.16;-311716.78;31991.615;297.25733;2935.5173;648000;-116294.5;8748.5719
770;-279803.91;-311866.54;32062.631;297.91719;2933.1397;648000;-116294.5;8768.2882
771;-279730.18;-311859.81;32129.628;298.5397;2927.7296;648000;-116294.5;8768.3979
772;-279808.47;-311867.32;32058.85;297.88205;2923.2711;648000;-116294.5;8770.6728
773;-279887.23;-311889.72;32002.489;297.35837;2919.6838;648000;-116294.5;8775.1187
774;-279966.6;-311927.77;31961.176;296.9745;2916.8421;648000;-116294.5;8781.7429
775;-280046.72;-311982.38;31935.661;296.73742;2914.4978;648000;-116294.5;8790.5542
776;-280127.65;-312054.44;31926.795;296.65504;2912.6332;648000;-116294.5;8801.5626
777;-280209.35;-312144.81;31935.46;296.73555;2911.0245;648000;-116294.5;8814.7797
778;-280291.68;-312254.14;31962.455;296.98638;2909.5827;648000;-116294.5;8830.2186
779;-280374.4;-312382.78;32008.388;297.41317;2908.4238;648000;-116294.5;8847.8939
780;-280457.18;-312530.76;32073.571;298.01884;2913.4087;648000;-116294.5;8867.8216
781;-279902.35;-312521.02;32618.677;303.08382;2923.3714;648000;-116294.5;8870.5897
782;-279978.4;-312522.91;32544.51;302.39468;2934.9443;648000;-116294.5;8875.595
783;-280055.84;-312537.89;32482.048;301.81429;2947.9055;648000;-116294.5;8882.8326
784;-280134.67;-312567.41;32432.74;301.35614;2961.8748;648000;-116294.5;8892.2992
785;-280214.82;-312612.85;32398.026;301.03359;2976.5427;648000;-116294.5;8903.993
786;-280296.17;-312675.42;32379.247;300.85909;2991.6208;648000;-116294.5;8917.9137
787;-280378.56;-312756.14;32377.587;300.84368;3006.9702;648000;-116294.5;8934.0629
788;-280461.82;-312855.86;32394.041;300.99656;3022.438;648000;-116294.5;8952.4436
789;-280545.85;-312975.26;32429.412;301.32522;3037.9763;648000;-116294.5;8973.0606
790;-280630.51;-313114.84;32484.333;301.83552;3017.6921;648000;-116294.5;8995.9205
791;-280713.79;-313125.25;32411.461;301.15842;3008.9954;648000;-116294.5;8995.8733
792;-280794.46;-313151.91;32357.445;300.65652;3000.6818;648000;-116294.5;8998.0439
793;-280875.15;-313194.89;32319.738;300.30615;2992.5934;648000;-116294.5;9002.441
794;-280955.78;-313254.18;32298.4;300.10789;2984.88;648000;-116294.5;9009.0752
795;-281036.29;-313329.69;32293.395;300.06139;2977.7458;648000;-116294.5;9017.9591
796;-281116.62;-313421.21;32304.592;300.16543;2971.2687;648000;-116294.5;9029.1074
797;-281196.69;-313528.45;32331.757;300.41783;2965.6584;648000;-116294.5;9042.536
798;-281276.47;-313651.03;32374.559;300.81554;2960.9142;648000;-116294.5;9058.2629
799;-281355.95;-313788.54;32432.593;301.35478;2957.1909;648000;-116294.5;9076.3068
800;-281435.15;-313940.55;32505.407;302.03134;2930.0556;648000;-116294.5;9096.688
801;-281604.8;-313936.49;32331.69;300.41721;2924.4771;648000;-116294.5;9096.9978
802;-281679.68;-313942.94;32263.266;299.78144;2920.8786;648000;-116294.5;9099.6349
803;-281755.65;-313961.16;32205.513;299.24481;2919.0814;648000;-116294.5;9104.5994
804;-281832.97;-313992.62;32159.654;298.8187;2918.8593;648000;-116294.5;9111.892
805;-281911.69;-314038.82;32127.13;298.5165;2919.8917;648000;-116294.5;9121.5144
806;-281991.74;-314101.17;32109.429;298.35202;2921.9857;648000;-116294.5;9133.4691
807;-282072.9;-314180.81;32107.912;298.33793;2925.0582;648000;-116294.5;9147.7596
808;-282154.87;-314278.56;32123.69;298.48453;2929.0794;648000;-116294.5;9164.3904
809;-282237.36;-314394.9;32157.542;298.79908;2933.9557;648000;-116294.5;9183.367
810;-282320.07;-314529.98;32209.906;299.28563;2937.79;648000;-116294.5;9204.6961
811;-282055.07;-314532.01;32476.944;301.76687;2937.1703;648000;-116294.5;9204.819
812;-282138.21;-314552.74;32414.526;301.1869;2937.7825;648000;-116294.5;9207.2805
813;-282221.62;-314592.46;32370.837;300.78095;2939.5245;648000;-116294.5;9212.0817
814;-282304.74;-314650.9;32346.159;300.55165;2942.4423;648000;-116294.5;9219.2244
815;-282387.12;-314727.31;32340.188;300.49618;2946.5516;648000;-116294.5;9228.7111
816;-282468.45;-314820.59;32352.144;300.60726;2952.0641;648000;-116294.5;9240.5452
817;-282548.64;-314929.56;32380.924;300.87468;2958.978;648000;-116294.5;9254.7308
818;-282627.78;-315053.08;32425.305;301.28705;2967.3022;648000;-116294.5;9271.2727
819;-282706.11;-315190.24;32484.126;301.8336;2977.237;648000;-116294.5;9290.1768
820;-282783.96;-315340.39;32556.434;302.50547;2965.0592;648000;-116294.5;9311.4497
821;-282938.56;-315347.66;32409.104;301.13652;2967.5392;648000;-116294.5;9312.3775
822;-283016.36;-315368.14;32351.781;300.60389;2971.5424;648000;-116294.5;9315.6411
823;-283094.93;-315402.7;32307.769;300.19495;2976.8977;648000;-116294.5;9321.235
824;-283174.35;-315452.26;32277.915;299.91755;2983.4512;648000;-116294.5;9329.1553
825;-283254.44;-315517.52;32263.086;299.77976;2991.1398;648000;-116294.5;9339.3994
826;-283334.9;-315598.85;32263.959;299.78787;2999.8155;648000;-116294.5;9351.9666
827;-283415.34;-315696.21;32280.865;299.94496;3009.5092;648000;-116294.5;9366.8573
828;-283495.43;-315809.16;32313.727;300.25031;3020.2282;648000;-116294.5;9384.0739
829;-283574.93;-315937.02;32362.092;300.6997;3032.0291;648000;-116294.5;9403.6198
830;-283653.71;-316078.94;32425.231;301.28637;3025.8696;648000;-116294.5;9425.5002
831;-283784.68;-316080.89;32296.211;300.08755;3029.1608;648000;-116294.5;9427.5233
832;-283858.76;-316092.48;32233.718;299.50688;3034.1295;648000;-116294.5;9431.8476
833;-283933.58;-316114.59;32181.007;299.0171;3040.4805;648000;-116294.5;9438.4651
834;-284009.55;-316148.5;32138.955;298.62637;3048.0105;648000;-116294.5;9447.3694
835;-284086.95;-316195.78;32108.83;298.34645;3056.684;648000;-116294.5;9458.5558
836;-284165.87;-316258.02;32092.148;298.19146;3066.3347;648000;-116294.5;9472.0211
837;-284246.26;-316336.75;32090.49;298.17604;3076.5023;648000;-116294.5;9487.764
838;-284327.95;-316433.28;32105.335;298.31398;3086.8328;648000;-116294.5;9505.7851
839;-284410.7;-316548.66;32137.962;298.61714;3097.0015;648000;-116294.5;9526.0866
840;-284494.26;-316683.63;32189.374;299.09485;3085.2155;648000;-116294.5;9548.6726
841;-284430.74;-316675.52;32244.78;299.60967;3086.7598;648000;-116294.5;9549.8774
842;-284510.9;-316683.48;32172.58;298.93881;3088.6932;648000;-116294.5;9553.3469
843;-284590.99;-316707.59;32116.598;298.41864;3090.7944;648000;-116294.5;9559.0804
844;-284670.91;-316747.79;32076.879;298.04958;3093.1979;648000;-116294.5;9567.079
845;-284750.68;-316804.04;32053.357;297.83102;3095.9438;648000;-116294.5;9577.3459
846;-284830.39;-316876.35;32045.962;297.7623;3099.0291;648000;-116294.5;9589.8864
847;-284910.15;-316964.84;32054.689;297.8434;3102.4646;648000;-116294.5;9604.7074
848;-284990.05;-317069.67;32079.617;298.07502;3106.333;648000;-116294.5;9621.818
849;-285070.1;-317190.97;32120.867;298.4583;3110.6087;648000;-116294.5;9641.2289
850;-285150.2;-317328.72;32178.52;298.99399;3113.1212;648000;-116294.5;9662.9525
851;-284948.92;-317351.9;32402.981;301.07963;3107.8631;648000;-116294.5;9663.1282
852;-285026.35;-317388.37;32362.022;300.69904;3103.1462;648000;-116294.5;9665.601
853;-285103.05;-317437.44;32334.393;300.44233;3099.1348;648000;-116294.5;9670.3756
854;-285179.08;-317498.48;32319.403;300.30305;3096.0722;648000;-116294.5;9677.4583
855;-285254.57;-317570.96;32316.395;300.2751;3094.0051;648000;-116294.5;9686.8571
856;-285329.76;-317654.61;32324.844;300.3536;3092.8727;648000;-116294.5;9698.5811
857;-285404.93;-317749.37;32344.436;300.53565;3092.6388;648000;-116294.5;9712.6412
858;-285480.34;-317855.45;32375.108;300.82064;3093.529;648000;-116294.5;9729.0495
859;-285556.19;-317973.22;32417.026;301.21013;3095.4685;648000;-116294.5;9747.8197
860;-285632.64;-318103.16;32470.526;301.70724;3073.3602;648000;-116294.5;9768.9667
861;-285820.34;-318103.05;32282.714;299.96214;3069.1976;648000;-116294.5;9768.8538
862;-285893.6;-318112.22;32218.615;299.36655;3066.5294;648000;-116294.5;9771.1164
863;-285967.27;-318131.22;32163.946;298.85858;3065.3672;648000;-116294.5;9775.7583
864;-286041.82;-318161.08;32119.266;298.44342;3065.6122;648000;-116294.5;9782.7849
865;-286117.62;-318203.2;32085.578;298.1304;3067.0802;648000;-116294.5;9792.2027
866;-286194.99;-318259.24;32064.258;297.9323;3069.5391;648000;-116294.5;9804.0197
867;-286274.06;-318331;32056.943;297.86434;3072.8359;648000;-116294.5;9818.2449
868;-286354.82;-318420.2;32065.384;297.94277;3076.7841;648000;-116294.5;9834.8889
869;-286437.11;-318528.38;32091.275;298.18334;3081.1768;648000;-116294.5;9853.9632
870;-286520.59;-318656.67;32136.087;298.59973;3074.3692;648000;-116294.5;9875.4806
871;-286352.29;-318658.46;32306.169;300.18007;3075.4154;648000;-116294.5;9876.6203
872;-286430.52;-318674.8;32244.281;299.60503;3077.5808;648000;-116294.5;9880.1858
873;-286509.76;-318706.85;32197.083;299.16648;3080.768;648000;-116294.5;9886.1764
874;-286590.05;-318755.72;32165.672;298.87462;3084.7104;648000;-116294.5;9894.5926
875;-286671.28;-318822.44;32151.157;298.73975;3089.4088;648000;-116294.5;9905.4359
876;-286753.19;-318907.69;32154.503;298.77084;3094.5642;648000;-116294.5;9918.7089
877;-286835.36;-319011.72;32176.359;298.97392;3100.1071;648000;-116294.5;9934.4152
878;-286917.32;-319134.24;32216.924;299.35084;3106.0454;648000;-116294.5;9952.5595
879;-286998.62;-319274.5;32275.882;299.89866;3112.484;648000;-116294.5;9973.1473
880;-287078.93;-319431.36;32352.433;300.60995;3104.3891;648000;-116294.5;9996.1851
881;-287026.1;-319440.95;32414.844;301.18986;3103.0304;648000;-116294.5;9997.3153
882;-287104.32;-319464.9;32360.575;300.6856;3102.8051;648000;-116294.5;10000.867
883;-287182.11;-319502.85;32320.735;300.31542;3103.6641;648000;-116294.5;10006.837
884;-287259.43;-319554.38;32294.951;300.07585;3105.663;648000;-116294.5;10015.22
885;-287336.3;-319619.08;32282.785;299.9628;3108.8143;648000;-116294.5;10026.016
886;-287412.79;-319696.6;32283.805;299.97227;3113.1342;648000;-116294.5;10039.223
887;-287489.02;-319786.65;32297.631;300.10074;3118.5925;648000;-116294.5;10054.841
888;-287565.1;-319889.07;32323.967;300.34545;3125.226;648000;-116294.5;10072.871
889;-287641.13;-320003.73;32362.6;300.70442;3132.9459;648000;-116294.5;10093.315
890;-287717.19;-320130.58;32413.387;301.17632;3122.5108;648000;-116294.5;10116.177
891;-287929.59;-320119.4;32189.805;299.09886;3119.2163;648000;-116294.5;10116.014
892;-288006.1;-320121.39;32115.288;298.40647;3116.8833;648000;-116294.5;10118.245
893;-288084.01;-320138.1;32054.095;297.83788;3115.3692;648000;-116294.5;10122.871
894;-288163;-320170.74;32007.741;297.40716;3114.5415;648000;-116294.5;10129.894
895;-288242.8;-320220.23;31977.428;297.12551;3114.3735;648000;-116294.5;10139.316
896;-288323.15;-320287.2;31964.051;297.00121;3114.5244;648000;-116294.5;10151.142
897;-288403.82;-320372.04;31968.217;297.03992;3115.1131;648000;-116294.5;10165.378
898;-288484.62;-320474.89;31990.276;297.24489;3116.1356;648000;-116294.5;10182.029
899;-288565.34;-320595.68;32030.339;297.61714;3117.6458;648000;-116294.5;10201.103
900;-288645.81;-320734.1;32088.287;298.15558;3087.5621;648000;-116294.5;10222.609
901;-288834.95;-320742.71;31907.762;296.47818;3088.4199;648000;-116294.5;10224.259
902;-288913.17;-320767.17;31854.002;295.97866;3089.67;648000;-116294.5;10228.314
903;-288991.38;-320807.63;31816.253;295.62791;3091.3772;648000;-116294.5;10234.768
904;-289069.47;-320864.11;31794.644;295.42713;3093.3652;648000;-116294.5;10243.621
905;-289147.31;-320936.48;31789.173;295.37629;3095.7775;648000;-116294.5;10254.872
906;-289224.74;-321024.42;31799.674;295.47386;3098.7197;648000;-116294.5;10268.52
907;-289301.59;-321127.38;31825.792;295.71654;3102.3766;648000;-116294.5;10284.569
908;-289377.67;-321244.63;31866.958;296.09905;3106.6303;648000;-116294.5;10303.019
909;-289452.83;-321375.23;31922.391;296.61412;3111.6331;648000;-116294.5;10323.877
910;-289526.96;-321518.08;31991.119;297.25272;3115.3678;648000;-116294.5;10347.146
911;-289295.42;-321529.68;32234.259;299.51191;3114.2518;648000;-116294.5;10348.758
912;-289367.44;-321551.07;32183.638;299.04155;3114.3485;648000;-116294.5;10352.767
913;-289438.98;-321581.88;32142.901;298.66303;3115.7118;648000;-116294.5;10359.177
914;-289510.22;-321621.91;32111.689;298.37302;3118.0854;648000;-116294.5;10367.989
915;-289581.41;-321671.2;32089.791;298.16955;3121.5602;648000;-116294.5;10379.21
916;-289652.94;-321730.2;32077.264;298.05315;3126.1306;648000;-116294.5;10392.843
917;-289725.17;-321799.69;32074.516;298.02762;3131.7427;648000;-116294.5;10408.896
918;-289798.47;-321880.79;32082.321;298.10015;3138.251;648000;-116294.5;10427.376
919;-289873.05;-321974.81;32101.767;298.28083;3145.2481;648000;-116294.5;10448.292
920;-289949.05;-322083.19;32134.142;298.58165;3119.5498;648000;-116294.5;10471.653
921;-290126.41;-322076.74;31950.329;296.87371;3120.0689;648000;-116294.5;10473.492
922;-290199.97;-322082.68;31882.716;296.24546;3121.4818;648000;-116294.5;10477.751
923;-290275.72;-322103.43;31827.714;295.7344;3123.2092;648000;-116294.5;10484.428
924;-290353.7;-322141.39;31787.696;295.36256;3125.0239;648000;-116294.5;10493.523
925;-290433.59;-322198.62;31765.031;295.15197;3126.593;648000;-116294.5;10505.035
926;-290514.74;-322276.46;31761.718;295.12118;3127.8533;648000;-116294.5;10518.968
927;-290596.22;-322375.27;31779.042;295.28216;3128.8518;648000;-116294.5;10535.325
928;-290677.01;-322494.34;31817.326;295.63788;3129.6127;648000;-116294.5;10554.111
929;-290756.1;-322631.91;31875.809;296.18129;3130.3269;648000;-116294.5;10575.332
930;-290832.72;-322785.43;31952.711;296.89584;3124.4863;648000;-116294.5;10598.996
931;-290546.7;-322800.27;32253.568;299.69132;3120.8789;648000;-116294.5;10600.804
932;-290613.81;-322821.3;32207.492;299.2632;3119.4121;648000;-116294.5;10605.049
933;-290683.05;-322850.77;32167.723;298.89367;3119.662;648000;-116294.5;10611.735
934;-290754.54;-322891.03;32136.494;298.6035;3121.2598;648000;-116294.5;10620.867
935;-290828.13;-322944.25;32116.12;298.41419;3124.0507;648000;-116294.5;10632.451
936;-290903.5;-323012.24;32108.746;298.34568;3127.7284;648000;-116294.5;10646.494
937;-290980.19;-323096.34;32116.155;298.41452;3131.9982;648000;-116294.5;10663.004
938;-291057.7;-323197.34;32139.643;298.63276;3136.5536;648000;-116294.5;10681.988
939;-291135.56;-323315.53;32179.974;299.00751;3141.5034;648000;-116294.5;10703.457
940;-291213.39;-323450.8;32237.41;299.54119;3128.5412;648000;-116294.5;10727.42
941;-291292.82;-323447.95;32155.129;298.77665;3129.9575;648000;-116294.5;10728.534
942;-291368.53;-323460.3;32091.769;298.18793;3132.1849;648000;-116294.5;10732.122
943;-291445.11;-323488.85;32043.742;297.74168;3135.0637;648000;-116294.5;10738.183
944;-291522.34;-323534.36;32012.02;297.44692;3138.3627;648000;-116294.5;10746.715
945;-291599.98;-323597.32;31997.337;297.3105;3142.0246;648000;-116294.5;10757.718
946;-291677.82;-323677.98;32000.166;297.33678;3145.9149;648000;-116294.5;10771.194
947;-291755.61;-323776.33;32020.715;297.52771;3150.0493;648000;-116294.5;10787.144
948;-291833.18;-323892.12;32058.936;297.88285;3154.1817;648000;-116294.5;10805.569
949;-291910.31;-324024.86;32114.55;298.3996;3158.3934;648000;-116294.5;10826.475
950;-291986.78;-324173.8;32187.025;299.07302;3145.7987;648000;-116294.5;10849.864
951;-291993.88;-324162.07;32168.196;298.89807;3147.1513;648000;-116294.5;10851.381
952;-292065.72;-324162.1;32096.38;298.23078;3149.3799;648000;-116294.5;10855.355
953;-292138.84;-324175.33;32036.492;297.67431;3152.2572;648000;-116294.5;10861.785
954;-292213.23;-324203.18;31989.944;297.2418;3155.5692;648000;-116294.5;10870.673
955;-292288.81;-324246.95;31958.144;296.94632;3159.3407;648000;-116294.5;10882.022
956;-292365.35;-324307.72;31942.366;296.79972;3163.4083;648000;-116294.5;10895.835
957;-292442.54;-324386.17;31943.637;296.81153;3167.6472;648000;-116294.5;10912.117
958;-292519.99;-324482.62;31962.628;296.98799;3171.9519;648000;-116294.5;10930.872
959;-292597.35;-324596.95;31999.604;297.33156;3176.3866;648000;-116294.5;10952.107
960;-292674.25;-324728.67;32054.415;297.84085;3173.8251;648000;-116294.5;10975.829
961;-292346.66;-324740.73;32394.07;300.99683;3169.6734;648000;-116294.5;10976.443
962;-292414.91;-324760.99;32346.078;300.5509;3166.9682;648000;-116294.5;10979.522
963;-292484.06;-324790.45;32306.389;300.18212;3165.5824;648000;-116294.5;10985.065
964;-292554.37;-324830.35;32275.973;299.89951;3165.2583;648000;-116294.5;10993.076
965;-292625.89;-324881.94;32256.045;299.71434;3165.8545;648000;-116294.5;11003.557
966;-292698.45;-324946.27;32247.827;299.63798;3167.2102;648000;-116294.5;11016.514
967;-292771.74;-325024.09;32252.347;299.67997;3169.2886;648000;-116294.5;11031.952
968;-292845.43;-325115.74;32270.31;299.84689;3171.9923;648000;-116294.5;11049.881
969;-292919.18;-325221.23;32302.05;300.1418;3175.3018;648000;-116294.5;11070.306
970;-292992.76;-325340.31;32347.547;300.56455;3151.1436;648000;-116294.5;11093.239
971;-293178.89;-325331.69;32152.807;298.75508;3149.0622;648000;-116294.5;11093.272
972;-293252.26;-325336.9;32084.637;298.12166;3147.7263;648000;-116294.5;11095.795
973;-293326.32;-325356.75;32030.424;297.61793;3147.0031;648000;-116294.5;11100.811
974;-293400.89;-325391.86;31990.975;297.25138;3146.8211;648000;-116294.5;11108.319
975;-293475.83;-325442.73;31966.902;297.0277;3147.2176;648000;-116294.5;11118.324
976;-293551.08;-325509.76;31958.673;296.95124;3148.1096;648000;-116294.5;11130.827
977;-293626.6;-325593.26;31966.658;297.02544;3149.2757;648000;-116294.5;11145.835
978;-293702.35;-325693.51;31991.158;297.25308;3150.9175;648000;-116294.5;11163.351
979;-293778.25;-325810.65;32032.398;297.63627;3153.0999;648000;-116294.5;11183.384
980;-293854.17;-325944.65;32090.486;298.17601;3153.4283;648000;-116294.5;11205.939
981;-293581.76;-325934.17;32352.407;300.60971;3161.4762;648000;-116294.5;11206.865
982;-293653.46;-325935.91;32282.446;299.95965;3170.6264;648000;-116294.5;11210.297
983;-293725.24;-325950.06;32224.821;299.42421;3180.8854;648000;-116294.5;11216.228
984;-293797.22;-325976.94;32179.721;299.00516;3192.0815;648000;-116294.5;11224.653
985;-293869.63;-326017.08;32147.453;298.70533;3203.9681;648000;-116294.5;11235.567
986;-293942.76;-326071.31;32128.544;298.52963;3216.4195;648000;-116294.5;11248.965
987;-294016.89;-326140.68;32123.786;298.48542;3229.2157;648000;-116294.5;11264.844
988;-294092.17;-326226.38;32134.21;298.58228;3242.1637;648000;-116294.5;11283.202
989;-294168.56;-326329.51;32160.955;298.83079;3255.0933;648000;-116294.5;11304.037
990;-294245.81;-326450.89;32205.078;299.24077;3247.5142;648000;-116294.5;11327.349
991;-294207.69;-326432.29;32224.602;299.42218;3253.7458;648000;-116294.5;11327.931
992;-294282.05;-326429.14;32147.091;298.70197;3260.3138;648000;-116294.5;11330.958
993;-294358.05;-326443.21;32085.158;298.1265;3266.9535;648000;-116294.5;11336.423
994;-294435.32;-326475.87;32040.552;297.71204;3273.2575;648000;-116294.5;11344.321
995;-294513.36;-326527.99;32014.624;297.47112;3279.0481;648000;-116294.5;11354.648
996;-294591.62;-326599.81;32008.195;297.41138;3284.2423;648000;-116294.5;11367.403
997;-294669.51;-326691;32021.487;297.53489;3289.0332;648000;-116294.5;11382.584
998;-294746.54;-326800.66;32054.12;297.8381;3293.3634;648000;-116294.5;11400.193
999;-294822.29;-326927.46;32105.169;298.31244;3297.4242;648000;-116294.5;11420.233
1000;-294896.56;-327069.84;32173.283;298.94534;3295.4921;648000;-116294.5;11442.707
